customer_id,first_name,last_name,email,phone,street_address,city,state,postal_code,country,signup_date,loyalty_score
1,Denise,Walker,jpeterson@gmail.com,001-831-603-4131,1559 Roman Stream,Mariastad,CO,72858,USA,2024-09-21,63.94
2,Henry,Santiago,clarksherri@hotmail.com,(626)291-6697,7242 Julie Plain Suite 969,Port Brandonville,NY,65187,USA,2021-11-03,2.5
3,Gerald,Carter,john39@gmail.com,+1-557-287-1331x50983,227 Joseph Well,Lake Larry,WV,96174,USA,2021-06-21,27.5
4,Susan,Heath,rodney70@hotmail.com,831.978.1080x132,Unit 1065 Box 1333,South Isaiah,AP,59301,USA,2024-12-17,22.32
5,Stephanie,Martin,yorkcasey@gmail.com,6794911838,93990 Robert Prairie Suite 435,Stephenland,TN,85108,USA,2023-11-02,73.65
6,Jaclyn,Moore,william40@gmail.com,4535315869,05242 Arnold Meadow Apt. 112,North Kyle,FL,56834,USA,2022-04-01,67.67
7,Allison,Doyle,joshua14@yahoo.com,+1-835-661-5951x48465,14294 Daniel Mews Suite 569,Smithside,KS,06318,USA,2025-08-01,89.22
8,Mary,Gray,donnacampbell@hotmail.com,(501)363-2870,43320 John Mountains,Snyderbury,ID,94656,USA,2024-10-01,8.69
9,Mary,Travis,luis81@gmail.com,(670)854-6688x9373,316 Rivera Mountain,Port Nicoleshire,MS,77057,USA,2024-12-30,42.19
10,Maureen,Yates,brentgray@gmail.com,393-474-5299,6417 Kaitlyn Center Suite 310,East Thomas,RI,20474,USA,2023-07-07,2.98
11,Tanya,Johnston,xgarcia@hotmail.com,001-779-696-5075x27354,2849 Marshall Views,Nicolebury,MP,11860,USA,2023-03-21,21.86
12,Cheryl,Allen,michael74@yahoo.com,001-682-940-0842x710,1823 Joanna Harbor,Harrytown,LA,30317,USA,2024-12-09,50.54
13,Vincent,King,chayes@yahoo.com,520-667-9740,Unit 4990 Box 9133,East Johnside,AA,87064,USA,2023-04-10,2.65
14,David,Baker,cassandra01@gmail.com,(265)951-2567x468,490 Thomas Run,Costafort,OR,57633,USA,2021-08-13,19.88
15,Brian,Barton,omartinez@hotmail.com,(877)737-8263x98214,8086 Jeffrey Ville,Williamview,NM,94427,USA,2025-03-09,64.99
16,Douglas,Evans,ymcneil@hotmail.com,+1-515-386-5780x9134,89517 Alicia Motorway,Matthewfurt,CA,62038,USA,2024-07-23,54.49
17,Michele,Garcia,tyleraguilar@gmail.com,001-944-606-4090,0748 Charles Key Suite 647,East Patrickstad,PR,63836,USA,2022-10-28,22.04
18,Connor,King,robin74@hotmail.com,209.285.9317x4612,23685 Krystal Bridge Suite 817,Danielbury,OR,50442,USA,2023-06-16,58.93
19,David,Medina,fpena@hotmail.com,(515)285-0643x171,USNV Johnson,Wallacebury,AA,28978,USA,2021-04-19,80.94
20,Cameron,Cunningham,alexistyler@gmail.com,001-384-770-0766x1771,0268 Julie Mountains,Gordonton,OR,14794,USA,2022-02-16,0.65
21,Lori,Richards,fjones@gmail.com,258-651-4936,80988 Santiago Loop Suite 604,Lake Timothy,NY,28385,USA,2021-02-10,80.58
22,Pamela,Dorsey,wareeric@hotmail.com,+1-900-834-3244x510,6797 Nelson Throughway Apt. 561,Brandonfurt,NM,69567,USA,2022-05-12,69.81
23,Michele,Mason,christopher13@yahoo.com,732-792-1277x997,4535 Charles Roads,East Curtis,MI,95840,USA,2022-02-25,34.03
24,Jeremy,Turner,colelisa@hotmail.com,666-459-0515x1864,207 Lisa Villages Suite 182,West Nathan,NC,69018,USA,2023-09-14,15.55
25,Brenda,Bailey,elizabethcalderon@hotmail.com,(414)818-8805,"PSC 1685, Box 0542",Leeberg,AE,45292,USA,2022-03-07,95.72
26,Melissa,Weber,smurray@yahoo.com,575.806.0685,92407 Spencer Cove,Port Samuel,KY,59394,USA,2021-07-24,33.66
27,Fernando,Garcia,williamsrobert@hotmail.com,388.788.0670x65405,808 Jennifer Highway Suite 095,New Theresaland,TN,88085,USA,2022-12-02,9.27
28,Nancy,Cook,ihays@yahoo.com,641.661.6928x45115,5054 Lauren Mews,Holtstad,MA,24987,USA,2024-08-29,9.67
29,Jeremy,West,michael90@hotmail.com,494.973.1217,7192 Sanders Run Suite 310,West Kimberlymouth,PW,74120,USA,2021-08-12,84.75
30,Michael,Pierce,jonesraymond@hotmail.com,422-653-5841x4384,9125 Shannon Springs Suite 289,Port Davidberg,NE,66412,USA,2025-05-28,60.37
31,Caroline,David,bmontgomery@yahoo.com,(425)388-1537x1473,3647 Haley Estate Suite 677,Jessicastad,MD,94658,USA,2021-04-19,80.71
32,Sean,Barnes,williamstroy@hotmail.com,+1-891-221-6558x523,62456 Williams Center,Duranview,CA,51140,USA,2021-04-02,72.97
33,Felicia,Wells,tammy99@gmail.com,001-702-783-8578x6527,89623 Ashley Squares Apt. 307,Shawfort,UT,27225,USA,2023-02-12,53.62
34,David,Grant,zhuang@yahoo.com,865-971-2082,41574 Lewis Views Suite 842,Lake Jesse,IA,07154,USA,2024-12-05,97.31
35,Donna,Mitchell,hebertmatthew@yahoo.com,616-712-2753x04637,87431 Martin Mount Suite 205,Wilcoxhaven,HI,80580,USA,2023-06-09,37.85
36,Heather,Young,kathleenbecker@hotmail.com,287-907-2867,519 Bryan Plaza Apt. 982,Lake Brandy,NV,15736,USA,2023-06-28,55.2
37,Rose,Reese,qmiller@hotmail.com,001-210-569-0331x1907,28682 Mary Throughway Apt. 478,Ericborough,IA,60876,USA,2021-03-30,82.94
38,Joshua,Webster,dpeters@yahoo.com,626.834.3517x51830,662 Bennett Throughway Suite 334,Faulknerside,AR,74214,USA,2021-03-15,61.85
39,Pamela,Ramsey,kyle58@yahoo.com,485.247.7725x2287,3556 Anna Forges Apt. 048,Hudsonbury,MA,30650,USA,2025-04-28,86.17
40,Angela,Meyers,hsmith@hotmail.com,201-466-6870,86211 John River Suite 546,West Gabriella,OK,32378,USA,2021-07-27,57.74
41,Matthew,Rivera,evansanne@hotmail.com,335.386.6296x1943,2185 Connor Fort Apt. 599,Kristenmouth,AK,83616,USA,2023-02-23,70.46
42,Rachel,Moore,carterpaul@gmail.com,(346)447-1543x79937,"PSC 3982, Box 6224",Thomasburgh,AA,35681,USA,2023-06-17,4.58
43,Evelyn,Oliver,brittanygardner@hotmail.com,001-368-386-8058,374 Lori Underpass Suite 724,Jonesfort,VT,55961,USA,2022-12-24,22.79
44,Lonnie,Hart,seanmyers@hotmail.com,375.471.7751x40105,0714 Knapp Corner,Stanleyborough,MI,41381,USA,2022-12-10,28.94
45,Erin,Simmons,raylauren@hotmail.com,899-812-5134x1252,1478 Harper Ridge,Port Emily,MI,60513,USA,2022-01-15,7.98
46,John,Medina,kjackson@gmail.com,361.934.0745,43842 Cunningham Trail Suite 881,Port Jenniferside,ND,99694,USA,2021-11-12,23.28
47,Nancy,Norris,taylorkaren@yahoo.com,311.968.4577x590,Unit 2232 Box 5367,Courtneyfurt,AE,76185,USA,2023-11-30,10.1
48,Jennifer,Donaldson,braunronald@hotmail.com,001-438-970-0516,41541 Beck Run Apt. 064,East Thomasberg,VT,12976,USA,2021-06-21,27.8
49,Monica,Garcia,samanthajensen@yahoo.com,+1-543-989-8364x03761,19656 Moody Gateway,Kimberlytown,OH,79275,USA,2021-06-21,63.57
50,Taylor,DVM,joshuacollins@hotmail.com,479-290-4210,Unit 2856 Box 9146,East Christopherchester,AP,31779,USA,2022-04-06,36.48
51,Joseph,Logan,michaelscott@gmail.com,(354)919-5180x23806,80003 Thomas Lights,Walkerbury,PR,05136,USA,2023-04-09,37.02
52,Juan,Smith,usweeney@yahoo.com,+1-761-799-0623x4456,7024 Bradley Fort,New Codyberg,NH,98529,USA,2024-09-19,20.95
53,Tony,Taylor,tanyafoster@gmail.com,(719)394-1013x721,67883 Steven Unions,East Madison,MP,29636,USA,2021-03-25,26.7
54,Thomas,Hamilton,rbrown@yahoo.com,593-604-0785x93213,806 Castillo Tunnel,Nelsontown,NY,42654,USA,2025-05-29,93.67
55,Theresa,Johnston,carolynsmith@yahoo.com,452-826-7528x9539,52500 Brenda Divide,Willismouth,CA,49468,USA,2023-06-24,64.8
56,Nicholas,Rush,julie35@yahoo.com,(567)465-8617,570 Clark Square,South Samuelchester,VA,00668,USA,2024-09-15,60.91
57,Amanda,Smith,donna43@gmail.com,941.986.2565x2704,05061 Colon Road Suite 310,West Kristenfort,CO,62572,USA,2023-02-09,17.11
58,Kristy,Hernandez,fostermelissa@gmail.com,268-868-5487,72233 Brad Common,Luisland,MP,78495,USA,2021-10-28,72.91
59,Keith,Aguilar,hannah07@yahoo.com,(414)586-2890,4713 Kevin Summit Suite 546,Lorihaven,WA,64000,USA,2022-07-29,16.34
60,Joyce,Hull,kaitlyn14@gmail.com,346-265-7437x4896,33468 Michelle Trafficway,West Charlene,PA,01610,USA,2025-03-21,37.95
61,Kirk,Campbell,cprice@hotmail.com,(648)825-1353,Unit 3538 Box 7584,West Connor,AE,86695,USA,2023-09-08,98.95
62,Edward,York,tthomas@gmail.com,+1-535-505-8300,250 Shannon Fords Apt. 927,Reyeston,MO,56734,USA,2023-10-18,64.0
63,James,Chapman,ryan25@yahoo.com,001-689-909-0100x16761,0332 Jessica Radial,Mcdowellview,SD,05398,USA,2022-03-03,55.69
64,Lorraine,Turner,michaelortiz@gmail.com,+1-837-344-7012x0455,753 Alexander Corners,Lake Jenniferview,FL,12308,USA,2021-09-04,68.46
65,Brenda,Holland,danielhorton@gmail.com,+1-550-989-9358x8916,797 Cheryl Tunnel Suite 902,Williamsview,FM,54408,USA,2023-10-23,84.29
66,Ronald,Mcclain,csolis@gmail.com,550-237-5899x75711,0166 Angela Alley,Lake Emily,FM,67129,USA,2023-10-09,77.6
67,Vincent,Carter,gbarrett@gmail.com,(793)546-5472x26984,697 Heather Extensions,Williamfurt,PA,79951,USA,2022-07-30,22.9
68,Donna,Reed,qaguilar@hotmail.com,5576198386,0810 Thomas Skyway Apt. 342,Jamesside,MP,08631,USA,2021-04-07,3.21
69,Tyler,Daugherty,bennettroy@hotmail.com,526.988.6153x35554,57202 Carlson Trail Suite 798,New Carlos,NC,29331,USA,2025-08-23,31.55
70,Hannah,Allen,lukemiller@gmail.com,001-520-675-0110x2481,Unit 8801 Box 3361,Lucasland,AE,70985,USA,2024-05-02,26.77
71,Jared,Stewart,kathy76@yahoo.com,335-436-8222x3943,83268 Choi Divide Suite 508,Medinaland,OK,78705,USA,2025-09-10,21.1
72,Tara,Gamble,todd59@hotmail.com,(357)477-5478,955 Jackson Island,Hillstad,WA,84496,USA,2021-07-25,94.29
73,Charles,Ryan,michaelwalker@hotmail.com,322.699.2750x373,8816 Shaw Shore,Port Willie,RI,90175,USA,2024-01-04,87.64
74,Christine,Velez,lisa57@yahoo.com,001-417-477-3926x0302,2318 Lewis Ferry,South Lisa,GU,16010,USA,2025-03-24,31.47
75,Bridget,Jackson,yburke@hotmail.com,772-298-0686,57991 Nicholas Curve Apt. 038,Port Amandaville,HI,62874,USA,2025-05-17,65.54
76,Robert,Clarke,lanedavid@gmail.com,525.988.7449x5621,5126 Green Plain Suite 959,Arnoldside,WV,27199,USA,2022-03-30,39.56
77,Jennifer,Morgan,jennifer90@gmail.com,+1-766-693-8011x84895,84309 Christina Spring,Kimberlystad,GA,11883,USA,2022-10-17,91.45
78,Jennifer,Smith,carlos33@yahoo.com,482-575-5394,USS Haynes,Christophermouth,AA,33040,USA,2025-02-10,45.89
79,Dana,Baker,wwhite@hotmail.com,4366915594,86780 Long Spur,Stewarttown,UT,68423,USA,2022-11-19,26.49
80,Louis,Diaz,thomassmith@yahoo.com,+1-584-450-6159,4489 Raymond Spurs Apt. 034,Jordanstad,NV,98096,USA,2023-04-16,24.66
81,Jordan,Hampton,catherine64@yahoo.com,001-968-411-4921x64334,987 Jackson Walk Apt. 234,Kelleytown,CT,08862,USA,2021-12-25,56.14
82,Mary,Dalton,brittanybryant@hotmail.com,+1-507-274-0649,845 Fernandez Valley Apt. 745,West Justin,AL,00513,USA,2025-07-13,26.27
83,Stephen,Kim,nnelson@yahoo.com,(470)551-2046x187,80214 Martinez Mill,Robertfort,NM,28968,USA,2022-12-29,58.46
84,Bryan,Tate,kingdanielle@gmail.com,(313)427-1950x052,36502 Richards Locks,Barkerberg,OR,91039,USA,2025-01-06,89.78
85,Kristin,Newman,caseymoore@yahoo.com,(351)218-1022x03173,0862 Christine Lakes Apt. 518,New Justin,WI,72782,USA,2025-09-22,39.94
86,Joseph,Miles,davenportchristian@gmail.com,922-786-8528,633 Ashley Fall,Parkchester,MI,88908,USA,2023-07-20,21.93
87,Jason,Schultz,ingramsherry@yahoo.com,001-315-272-7919x4096,07522 Richardson Prairie,Carrollborough,ME,12547,USA,2023-09-17,99.75
88,Jeffrey,Conrad,nunezwendy@yahoo.com,001-327-683-7693x89833,64622 Miller Ports,Ayalaberg,MO,66275,USA,2024-07-11,50.95
89,Kenneth,Rodriguez,rodriguezbrian@hotmail.com,9422043940,51477 Martin Streets Apt. 388,South Brandyhaven,UT,92088,USA,2021-06-07,9.09
90,Matthew,Durham,andrewsutton@yahoo.com,882.432.9832x482,46084 Edward Lock Apt. 168,Reneemouth,FL,56398,USA,2025-09-02,4.71
91,Kristin,Fry,caitlynhall@gmail.com,531.827.9757,89752 Henry Dam Apt. 330,Lake Emily,KY,54639,USA,2024-04-23,10.96
92,Samantha,Cortez,leescott@yahoo.com,302.379.3714x521,64908 Steven Rue Suite 181,South Robert,MH,91742,USA,2024-09-09,62.74
93,Michael,Acosta,adamcannon@gmail.com,602.720.5020,097 Jay Shoals Suite 767,Christineside,FM,72242,USA,2021-08-12,79.21
94,Wendy,Martin,staylor@yahoo.com,+1-652-599-7877x293,390 Ashley Roads,Jordanshire,NE,80303,USA,2020-11-17,42.22
95,Lori,Wilson,randy99@gmail.com,(412)340-5682x996,7702 Moore Mount Suite 760,East Barbaramouth,OH,70740,USA,2023-06-28,6.35
96,Devon,Miller,kaylagarcia@hotmail.com,584-609-4353,Unit 3076 Box 8104,West Steventon,AE,90554,USA,2023-03-22,38.16
97,Michael,Nelson,amber02@gmail.com,538-517-9217x17477,"PSC 0160, Box 1662",Jensenport,AP,78635,USA,2022-02-02,99.61
98,James,Lyons,nguyendebra@yahoo.com,281-372-4619x19657,93827 Jones Fords Suite 695,Wilsonmouth,CA,97411,USA,2022-09-20,52.91
99,Stephanie,Fields,sabbott@gmail.com,(466)683-2723x8656,"PSC 0085, Box 1403",Garrettfurt,AA,92542,USA,2021-12-08,97.11
100,Mariah,Thomas,jenniferadams@hotmail.com,991.937.1894x90580,751 Nixon Common,Stevenland,PR,98881,USA,2025-03-24,86.08
101,Gary,Gomez,david44@yahoo.com,+1-627-366-3723x950,275 Jose Squares,Traceyberg,NC,04838,USA,2021-04-25,1.15
102,Karen,Alvarez,matthew41@yahoo.com,330-409-1093x911,393 Byrd Falls Suite 800,Bellport,CT,90350,USA,2024-01-25,72.07
103,Melissa,King,fwhite@gmail.com,(990)387-7661x8306,91741 Charles Ports Suite 707,Adamsmouth,AZ,87612,USA,2025-09-10,68.17
104,Eric,Brown,anthonydavies@gmail.com,(470)279-0320,8700 Brown Turnpike Apt. 613,North Benjamin,FL,97632,USA,2023-06-25,53.7
105,Carolyn,Garza,martinezdonald@yahoo.com,001-594-467-2324x876,3902 Kylie Roads,North Adrianland,FM,64328,USA,2021-03-09,26.68
106,Lisa,Miller,kjimenez@hotmail.com,(935)931-5313x63631,3645 Williams Streets Apt. 822,Watkinsmouth,MH,31342,USA,2021-04-30,64.1
107,Timothy,Gibson,belindatran@gmail.com,280.868.6717x7318,97740 Fitzgerald Gateway Apt. 569,South Tinaton,PW,75697,USA,2022-09-21,11.16
108,Cynthia,Duarte,alyssa46@yahoo.com,550.416.5790x55281,USNS French,Jillton,AE,81825,USA,2023-09-19,43.48
109,Mariah,Mclaughlin,zoliver@hotmail.com,2466827567,71162 Mullen Club,New Stephanie,NM,20227,USA,2022-06-23,45.37
110,Rebecca,Conley,jennifermitchell@gmail.com,(778)428-4106x727,31059 Scott Land,Tiffanyberg,AZ,87736,USA,2020-11-26,95.38
111,Edward,Kemp,seandavis@gmail.com,001-365-565-0455x478,3018 Rhodes Corners,Lake Michaelberg,PA,79809,USA,2024-08-24,87.59
112,Dylan,Shaffer,dthompson@hotmail.com,946-327-3014,26487 Mackenzie Hollow,East Josefort,IN,04018,USA,2023-12-11,26.34
113,Sean,Burton,wfields@gmail.com,(520)428-4576x521,321 Amy Well,Codyshire,KY,90343,USA,2025-02-23,50.06
114,Rebecca,Hansen,walkermelissa@gmail.com,5144011939,21611 Kim Throughway,South Davidview,AZ,86980,USA,2023-11-10,17.87
115,Sarah,Mcmahon,lrichardson@gmail.com,+1-601-957-1647,56638 Rick Trace,Farmerport,NC,18315,USA,2022-10-15,91.26
116,Scott,Lopez,sandersalexandra@hotmail.com,(979)967-8427x114,9121 Hester Junction Apt. 961,Katelynfurt,NM,37006,USA,2022-10-31,87.05
117,Nancy,Greer,ewingnicole@gmail.com,001-977-882-8064,7002 Dyer Expressway Suite 624,Kellerside,OK,88977,USA,2023-11-13,29.84
118,Alfred,Williams,andrewnguyen@yahoo.com,(863)571-8344x049,0790 Gray Loaf Suite 917,Garrettport,NM,66399,USA,2021-08-25,63.89
119,Denise,Knight,vlewis@yahoo.com,(832)646-6513,USCGC Michael,New Jamesmouth,AP,82651,USA,2023-04-23,60.9
120,Lindsay,Sullivan,brownpeggy@yahoo.com,591.455.9636,5162 Daniel Street,Tylerland,WI,69347,USA,2021-10-10,15.28
121,Denise,Ortiz,sylviasuarez@gmail.com,832-375-6041x7765,0900 Johnny Lights Suite 518,Kevinbury,AL,52009,USA,2022-03-26,76.25
122,Guy,Guzman,melaniejennings@yahoo.com,+1-893-817-3420,2954 Christopher Land,North Stacy,MP,75263,USA,2023-01-30,53.94
123,Isabel,Valentine,jessica36@gmail.com,001-769-241-1800x537,4397 Mike Spur,Mcdanielfurt,DC,42869,USA,2020-11-29,77.86
124,James,Madden,sara44@hotmail.com,(317)507-5877x71215,562 Doyle Overpass Apt. 870,Greenmouth,HI,05201,USA,2023-04-14,53.04
125,Nicole,Carson,anthonystevens@hotmail.com,(636)410-3266,050 Nguyen Street Apt. 304,Davisview,OH,79444,USA,2021-11-22,0.06
126,Jeffrey,Drake,ryansimmons@gmail.com,+1-910-681-8661,327 Kelly Mews Apt. 742,Phillipston,MP,33092,USA,2023-11-22,32.42
127,Randy,Smith,burgesscassandra@hotmail.com,(920)431-0303,61027 Holt Ways,Ballardland,UT,88817,USA,2022-12-04,1.95
128,Scott,Ryan,cookcurtis@hotmail.com,906.895.8146x71795,Unit 7998 Box 4076,Hallton,AA,67787,USA,2021-01-16,92.91
129,Cheryl,Cooper,ntorres@hotmail.com,374.255.0842,Unit 5452 Box 2801,New Jeremyside,AA,56943,USA,2024-08-04,87.87
130,Dr.,Harrington,allisonscott@yahoo.com,(766)878-5072x08115,5482 Joseph Stravenue,Cobbberg,FL,99225,USA,2022-04-07,83.17
131,Peter,Keller,christopher85@yahoo.com,001-668-210-5485x1017,843 William Inlet,Johnport,AK,04156,USA,2024-09-20,30.75
132,Robert,MD,jenniferpoole@gmail.com,001-962-928-2772x8813,3715 Chapman Path,Barajasfort,NM,83923,USA,2021-02-22,5.79
133,Jaclyn,Crane,twilliams@yahoo.com,001-651-399-6636x5807,18510 Olson Inlet Suite 567,Contrerasberg,SC,60916,USA,2022-04-11,87.8
134,Rebecca,Zimmerman,bshaw@gmail.com,001-971-289-5690,USNS Rivers,Port Janice,AA,27476,USA,2023-10-05,94.69
135,Alexander,Rice,brianwoodward@gmail.com,+1-361-570-6304,1526 Scott Views Apt. 033,West Brucemouth,NY,50970,USA,2025-08-02,8.57
136,Jennifer,Miller,qnelson@hotmail.com,001-784-763-9855x4743,Unit 3984 Box 0289,South Hollyberg,AE,39906,USA,2022-08-29,48.6
137,Gary,Sloan,wchambers@yahoo.com,(904)479-3036x149,01753 Smith Summit Apt. 453,East Tina,AS,94585,USA,2025-07-24,6.92
138,Krystal,Fleming,arichard@yahoo.com,933-825-4110,5803 Joshua Manor Suite 506,Lake Rodney,OK,03826,USA,2021-01-26,76.06
139,David,Wells,ellisonscott@yahoo.com,407-685-9311x09193,08046 Davis Terrace,Popeville,NH,50822,USA,2023-11-22,76.58
140,Marc,Lopez,hendersonjames@gmail.com,570-573-0337,"PSC 1537, Box 7959",Robertburgh,AP,44496,USA,2024-12-15,12.84
141,James,Ross,matthewspencer@gmail.com,+1-565-659-6309,02615 Kevin Garden Suite 528,Port Jake,DE,19432,USA,2022-02-17,47.53
142,Mark,Ramirez,alicia77@yahoo.com,985.839.0789x567,33736 Kevin Lane,Port Christopher,OH,11610,USA,2024-05-06,54.98
143,Evan,Reyes,emilywright@hotmail.com,373.789.8775,92840 Campbell Key Suite 690,East Jennifer,VI,52602,USA,2022-06-19,26.51
144,Michael,Clark,bradleyantonio@gmail.com,597-341-2182x09702,Unit 5999 Box 9663,Lopezville,AA,08851,USA,2024-02-24,87.24
145,Eddie,Warren,briana87@yahoo.com,(446)392-6329x676,1693 Kent Overpass,Debbiemouth,WA,12442,USA,2024-03-19,42.31
146,Sheila,Hill,johnnyhunter@yahoo.com,(820)491-2418,5636 Alex Crescent Apt. 577,Taylorview,TN,32258,USA,2021-07-12,21.18
147,Brittany,Howard,christopherfisher@gmail.com,555-920-6506,12206 Lisa Islands,Martinezborough,ND,52282,USA,2022-09-27,53.93
148,Diana,Hanson,franklinbrenda@yahoo.com,232-863-0397x5245,903 Christina Crossing,North Devinfort,WV,32423,USA,2023-04-28,72.99
149,Morgan,Cooper,shawnamartinez@gmail.com,871-456-6277x689,81674 Jennifer Gardens,Faulknerborough,ME,37902,USA,2024-12-19,20.12
150,Jessica,Miller,travis66@hotmail.com,001-906-463-3705x024,916 Victoria Crossing Suite 923,Reidstad,NY,93447,USA,2023-01-12,31.17
151,Tiffany,Skinner,rodriguezashley@yahoo.com,(952)523-7281,640 Lisa Alley,Jessicaburgh,NC,55137,USA,2022-06-12,99.51
152,Catherine,Malone,smithjoseph@gmail.com,(266)390-5510x762,38069 Frederick Mountains,Yvonnebury,MN,89873,USA,2025-05-19,64.99
153,Paul,Wright,shatfield@gmail.com,683.533.2116x0256,289 David Underpass,South Stephanie,VI,61685,USA,2023-01-22,43.81
154,Michael,Wade,jeffreywilson@gmail.com,+1-528-999-3160x87524,195 Melissa Light,Floresstad,ID,51376,USA,2024-09-29,51.76
155,Brianna,Ortega,mariaclark@hotmail.com,001-486-912-5904x729,76420 Rogers Springs,Justinborough,MO,09915,USA,2024-12-20,12.1
156,Daniel,Brock,brittney26@gmail.com,001-674-419-2676,4926 Kimberly Way Suite 475,North Brenda,NM,84571,USA,2021-09-17,22.47
157,Terry,Pope,christopherscott@gmail.com,(597)358-5988,Unit 8458 Box 2603,Donnamouth,AA,06552,USA,2021-03-31,33.81
158,Brenda,Chase,sotojoseph@hotmail.com,(354)423-4016x361,892 Underwood Island Suite 609,Jonesland,ND,14917,USA,2025-05-06,58.83
159,Robert,Davis,douglasbradley@yahoo.com,234.314.6511x13129,"PSC 5396, Box 7275",Joshuachester,AA,66329,USA,2023-04-20,23.01
160,Adam,Vaughan,john89@gmail.com,638-214-4744x30963,832 Michael Dale,West Tara,NM,50189,USA,2024-10-21,22.02
161,Aaron,Stevens,kaylawright@yahoo.com,(850)823-7416x78725,2841 Douglas Mill Apt. 256,Billyfurt,DE,25347,USA,2021-12-26,7.1
162,Rebecca,Martinez,elizabethpatterson@yahoo.com,(909)231-0668x43356,892 Victoria Ramp,Veronicaberg,MO,05529,USA,2025-03-16,63.11
163,Eric,Adams,daniel08@gmail.com,418-295-4738,989 Allen Harbor Apt. 961,East Janet,AZ,77382,USA,2021-12-15,22.89
164,Michelle,Snow,keithsosa@gmail.com,920.629.3908,Unit 3678 Box 8127,Moralesview,AP,50852,USA,2023-06-13,90.54
165,Debra,Wilson,jennifer69@yahoo.com,+1-949-583-7354x3962,Unit 0534 Box 2408,Lake Juliefurt,AP,76950,USA,2024-07-23,85.96
166,John,Crawford,hgarcia@gmail.com,+1-651-732-7972,166 Daniel Bridge,Port Tammyville,KY,19196,USA,2024-12-09,7.09
167,Kimberly,Adams,tmcdaniel@gmail.com,+1-749-445-1475x41022,14519 Wilson Corner,Lake Ronald,NC,44389,USA,2024-03-10,23.8
168,Richard,Mendoza,patrickdunn@hotmail.com,5555247286,1968 Jacqueline Freeway,Rosarioville,MN,73688,USA,2022-10-11,66.9
169,Autumn,Dominguez,donald31@gmail.com,(867)484-9843x6241,27284 Jenkins Junction Suite 041,New Ethan,AZ,79691,USA,2022-09-02,21.42
170,Daniel,White,carlaavila@yahoo.com,001-965-221-5681x82096,41990 Williams Island,Portermouth,WV,37516,USA,2023-05-03,13.23
171,Julie,Mcclure,nallen@hotmail.com,317.452.4214x9551,USCGC Davis,Amyland,AE,19194,USA,2024-10-14,93.55
172,William,MD,figueroajohn@hotmail.com,001-916-363-6515x5973,6296 Jeffrey Well,Rodriguezburgh,NH,61906,USA,2023-03-27,57.1
173,Christopher,Harrison,hsavage@gmail.com,001-465-796-0893x199,"PSC 2016, Box 5423",Alvarezburgh,AA,55433,USA,2023-07-24,47.27
174,Judy,Hernandez,michaelfarley@hotmail.com,001-477-966-5586x851,USNV Cervantes,Wayneville,AE,40077,USA,2024-07-05,78.46
175,Kurt,Daniels,zgordon@gmail.com,+1-830-560-0025x89552,37861 Melissa Crossing Suite 766,Kylechester,LA,35577,USA,2025-08-05,80.75
176,Matthew,Poole,mary25@gmail.com,(340)441-2091x1791,92098 Ashley Burg Apt. 752,Lake Kimberly,ME,25906,USA,2023-04-09,19.04
177,Brandon,Snyder,donnawelch@gmail.com,7884235130,Unit 5799 Box 8028,East Catherineside,AP,33858,USA,2022-09-26,9.69
178,Teresa,Adams,bandrade@hotmail.com,(756)425-3135,196 Gonzalez Knoll Suite 172,Raymondville,LA,79653,USA,2023-07-17,43.11
179,Melissa,Love,jennifer19@hotmail.com,7742260880,5330 Jimenez Harbor Suite 117,West Andrewshire,MS,31489,USA,2021-06-16,42.36
180,Robert,Cummings,michelle63@gmail.com,(996)971-8839,004 Daniel Hollow Apt. 459,Wilsonmouth,DC,76975,USA,2023-04-03,46.7
181,John,Davis,petersonlisa@hotmail.com,001-412-671-1307,728 Robin Forges Suite 679,Martinport,CA,36917,USA,2021-02-09,72.91
182,Jesse,Baker,gstone@hotmail.com,932.635.4940x1289,10094 Cameron Courts,East Jessicaview,MO,51997,USA,2022-11-24,67.34
183,Andrea,Lopez,bradleyveronica@gmail.com,001-597-814-8026x32570,14577 Fritz Glens,Jenniferhaven,AL,46720,USA,2023-12-04,98.42
184,Cheryl,Blevins,keith07@hotmail.com,4747065004,498 Kevin Heights,Margaretville,AZ,28986,USA,2023-04-12,9.84
185,Michelle,Thomas,ushelton@hotmail.com,457.656.7667x08061,2683 Torres Hills,East Alishamouth,WY,57765,USA,2022-12-06,40.26
186,Joshua,Cunningham,michelle19@hotmail.com,510-329-1813,382 Taylor Spring,Hansonborough,VA,01346,USA,2024-11-23,33.93
187,Jill,Brown,thomasroberts@hotmail.com,666.220.4719x609,USCGC Richardson,Wolfeville,AA,51774,USA,2024-08-24,86.17
188,Heather,Taylor,sandra17@yahoo.com,817-875-3312,884 Heidi Radial,Port Jessicabury,CA,06389,USA,2021-05-31,24.87
189,Ashley,Bradford,ryanrice@gmail.com,(617)366-1912,02056 Matthew Springs,Michaelside,OK,62594,USA,2021-11-14,19.02
190,Kyle,Rivera,aguilarsharon@yahoo.com,+1-572-740-1078,4350 James Viaduct Suite 037,Georgeland,MI,09776,USA,2024-07-15,44.86
191,Samuel,Mata,darrellwilson@hotmail.com,529-967-1114x8375,0331 Jeremy Summit Apt. 030,Michaelbury,LA,06231,USA,2023-06-11,42.19
192,Edward,Valdez,dsantos@gmail.com,+1-268-704-0850x95493,4964 Brian Walk,East Jamieburgh,MS,58699,USA,2024-07-23,27.85
193,Timothy,Goodwin,karmstrong@hotmail.com,527-870-7070x578,3204 Miller Gateway Suite 596,North Kurtmouth,TN,33336,USA,2021-05-14,24.98
194,Lisa,Edwards,theresa05@hotmail.com,420-759-5565x7490,1187 William Freeway,Joneschester,MP,89763,USA,2021-03-31,92.33
195,Thomas,Johnson,joseph94@gmail.com,(992)594-4551x16682,75137 Cox Knoll Apt. 579,New John,IN,75125,USA,2022-05-25,44.31
196,Bryan,Baker,mcknightbrandon@hotmail.com,001-929-481-2099x5765,USCGC Mccoy,Katherineberg,AP,57607,USA,2025-03-12,86.13
197,Brent,Evans,joshua73@gmail.com,+1-282-909-0883,USNV Zhang,Donaldborough,AE,30867,USA,2021-02-01,55.03
198,Tom,Duncan,garnerjeffrey@gmail.com,527.442.3183x0617,7815 Ryan Squares Suite 380,West Theodore,VI,29364,USA,2021-03-13,5.06
199,Louis,Welch,robert75@gmail.com,8856456676,5156 Kim Orchard,Williamchester,AK,38633,USA,2021-05-01,99.93
200,Daniel,Fields,rhonda81@hotmail.com,867.402.4403x30416,328 Heath Forks Suite 255,Port Shelbyville,AL,05229,USA,2023-03-01,83.6
201,Kathy,Warner,bbennett@gmail.com,001-317-639-0637x579,Unit 8474 Box 8836,Beanside,AE,65648,USA,2023-09-11,96.9
202,Vanessa,Davis,morrisannette@yahoo.com,(420)928-1237x1067,787 Chung Freeway,North Ronaldland,NY,73220,USA,2022-01-21,92.64
203,Edward,Graham,frankespinoza@yahoo.com,+1-635-703-4469,71043 Heather Plain,North Michael,RI,61933,USA,2024-04-18,84.87
204,Martin,Harris,christopherpratt@gmail.com,001-475-848-5819x324,1028 Coleman Mountains,Bennettfurt,IA,73920,USA,2025-08-20,16.63
205,Richard,Jennings,ruth80@hotmail.com,001-622-516-1070x518,760 Hill Centers Apt. 797,West Anthonyberg,AS,14117,USA,2021-01-03,48.56
206,Ryan,Stewart,brownmandy@hotmail.com,001-271-411-2125,70493 Thompson Summit,Carrollland,DE,45255,USA,2020-12-15,21.37
207,Julia,Wiley,brian42@yahoo.com,001-562-789-3654,34324 Wolfe Greens Apt. 759,North Stephanie,NV,83210,USA,2025-02-25,40.1
208,Raymond,Scott,robertcook@hotmail.com,+1-464-403-8166x49690,2782 Scott Ridges Suite 996,Carolynfort,KS,95314,USA,2023-06-04,5.86
209,Laura,Taylor,samuelramsey@gmail.com,+1-768-715-7903x923,72517 Hale Mountains Suite 731,Lorichester,MO,43376,USA,2023-10-04,37.9
210,Nicole,Melendez,wdrake@hotmail.com,+1-251-726-8612,25298 Parks Branch Suite 660,Kimberlymouth,PA,59518,USA,2023-01-23,98.53
211,Lisa,Brennan,kenneth09@gmail.com,(202)491-6815x466,21812 Cynthia Meadows Suite 579,Williamsmouth,VA,69124,USA,2023-01-20,26.52
212,Jessica,Wilson,jacobsrenee@hotmail.com,+1-967-480-5555,06244 George Roads Suite 133,Matthewsmouth,RI,38227,USA,2024-10-18,78.41
213,Michael,Chambers,potterjustin@hotmail.com,001-868-565-3694x55158,Unit 6826 Box 9116,New Keithburgh,AE,28197,USA,2024-04-21,45.5
214,Dustin,Middleton,udougherty@hotmail.com,4399773973,150 Arnold Way Apt. 275,Davidland,VT,26687,USA,2025-02-14,42.3
215,Sara,Wiggins,gonzalesmaria@gmail.com,623-973-4151x77345,6876 Dale Vista,West Robert,WV,15152,USA,2023-09-06,95.73
216,Keith,Wheeler,dana03@hotmail.com,528.472.7601x5343,5886 Montgomery Extension,Alexandrafurt,PR,66180,USA,2023-03-27,99.54
217,Heather,Stevens,wallerbrian@hotmail.com,399.577.1805,233 Thompson Rest Suite 841,Brucebury,CA,17874,USA,2024-12-08,55.58
218,Karen,Garcia,matthewbyrd@hotmail.com,(931)333-4845,70587 Martin Circles,Danaside,VI,58591,USA,2023-06-03,71.84
219,Brittney,Moore,matthew55@yahoo.com,988-933-9874x11325,0606 Brewer Dam Suite 403,West Ronaldfurt,LA,49453,USA,2021-04-04,15.48
220,Terry,Tucker,jholloway@hotmail.com,001-273-425-7375x53449,3598 Hawkins Viaduct,Susanstad,WI,09414,USA,2021-11-18,29.67
221,Robert,Yates,mbishop@gmail.com,(743)495-8739,7251 Deborah Junction Suite 860,North Jeffreychester,RI,51612,USA,2022-06-22,96.87
222,Catherine,Johnson,jamesmartin@yahoo.com,5738607763,USNS Barton,Martinezfurt,AE,18498,USA,2021-12-05,57.92
223,Ms.,Black,gnixon@yahoo.com,+1-467-404-5023x2902,USS Hamilton,Lake Christopher,AP,39913,USA,2024-11-11,54.22
224,Rebekah,Cline,christy00@yahoo.com,776.787.2904x7742,260 Farmer Stravenue,South Vanessaville,MI,29690,USA,2021-09-08,74.8
225,Ronald,Duncan,ncampbell@gmail.com,+1-903-920-2032x6509,457 Wolf Curve,Lake Rebeccafurt,OR,97023,USA,2023-10-17,5.72
226,Ruth,Ray,imay@gmail.com,492.398.8085x83825,18425 Chavez Plaza Apt. 826,Lake Julie,IN,02692,USA,2022-04-11,58.42
227,Nicole,Hernandez,etaylor@gmail.com,(319)923-7245x0184,Unit 3626 Box 6933,West Donald,AA,09745,USA,2022-11-04,50.29
228,Calvin,Paul,oblake@hotmail.com,897.839.6417,76601 Kirby Street Suite 485,North Jenniferfort,MI,11392,USA,2021-03-23,85.27
229,Rebecca,Finley,samantha07@yahoo.com,(498)835-4116x597,3470 Ellis Roads Suite 238,Gatesmouth,WI,23052,USA,2022-08-03,15.74
230,John,Rogers,gonzalezchristopher@hotmail.com,507-233-3373x204,58562 Garcia Street Suite 991,New Eric,GU,05845,USA,2024-12-23,96.08
231,Juan,Carroll,colinlowery@hotmail.com,(872)415-1494x097,93583 Adams Villages Apt. 797,Hansenton,GA,03399,USA,2024-03-28,8.01
232,Emily,Terry,michelle90@hotmail.com,001-666-767-2521,91862 John Rapid,West Christopherfurt,SD,65378,USA,2022-05-18,18.58
233,Jonathan,Lopez,flemingcody@gmail.com,001-328-727-0908x144,4099 Villarreal Extensions Apt. 972,Audreymouth,TX,20774,USA,2022-05-27,59.5
234,Kathleen,Munoz,rangelsamantha@hotmail.com,(666)917-0715x8796,158 Sherman Row,Sherylchester,NV,26458,USA,2023-04-24,67.52
235,Amanda,Arroyo,erin03@gmail.com,+1-590-706-3140x3526,USNS Joseph,South Jamie,AE,94090,USA,2024-04-14,23.52
236,Linda,Howell,chadwilson@gmail.com,387-332-8077,524 Mitchell Heights,Carsonborough,CT,16151,USA,2022-10-24,11.99
237,Cathy,Farmer,steven06@yahoo.com,4717398482,USS Perez,Dianemouth,AP,25973,USA,2021-05-08,89.03
238,Jennifer,Ferguson,elliottcharles@hotmail.com,227.885.3242x6425,"PSC 9649, Box 6737",Tinamouth,AP,33274,USA,2023-06-02,24.62
239,Jennifer,Hobbs,johnmarquez@hotmail.com,(427)818-7496x0335,USNV Mccullough,Dawnborough,AP,54005,USA,2025-04-08,59.45
240,Jeremy,Benson,cheryl98@hotmail.com,001-477-452-4418,10005 Lawrence Knolls,West Cindymouth,IL,40813,USA,2022-04-04,61.94
241,Thomas,Ortiz,lrichards@yahoo.com,+1-635-541-5970x99625,Unit 9551 Box 5122,Rangelville,AP,39836,USA,2025-03-27,41.92
242,Tanner,MD,dominguezjoseph@yahoo.com,001-431-910-0591,5254 Tracy Grove Apt. 715,West Calvin,IA,10254,USA,2023-09-07,58.37
243,Amy,Taylor,ramoswilliam@gmail.com,001-749-568-4364,Unit 4289 Box 3113,East Ralph,AE,42628,USA,2025-05-19,52.28
244,Tracy,King,carrolljessica@yahoo.com,(502)356-2650x62292,7475 Jeremy Extension Apt. 567,Hernandezfurt,NH,61369,USA,2021-01-02,93.47
245,Devin,Gonzalez,alara@yahoo.com,545.752.5971x07563,USNS Morgan,Carrberg,AA,90161,USA,2022-11-08,20.43
246,Steven,Alvarez,cruzeddie@yahoo.com,675-598-3399x14038,417 Waters Turnpike Suite 250,Hoffmanview,MD,47184,USA,2024-01-25,71.62
247,Samuel,Evans,marcussmith@gmail.com,(331)955-5165,56806 Foster Islands Apt. 459,East Edwardhaven,NM,08873,USA,2024-04-10,23.87
248,Maria,Foster,stephaniebest@gmail.com,001-658-626-3280,608 Vasquez Skyway Suite 810,Smithland,IN,76881,USA,2025-08-07,39.58
249,Christopher,Harris,oliviameyers@yahoo.com,(292)277-8943x1910,438 Kyle Forge,Cortezmouth,NM,94865,USA,2020-12-17,67.17
250,Eric,James,beardsarah@gmail.com,(676)520-9014x47340,9844 Jacqueline Neck,Johnsonfort,CA,52607,USA,2022-11-12,30.0
251,Zachary,Williams,malikfowler@yahoo.com,+1-229-358-2923x6161,5427 Ward Meadows Apt. 942,North Matthew,NV,99290,USA,2025-10-05,31.62
252,Krista,Dunlap,barrytanya@gmail.com,647-716-5609,436 Bryan Plains,East Jacobland,AK,39270,USA,2024-03-01,75.19
253,Jeffrey,Lawrence,esteskatherine@gmail.com,001-808-271-8274,31765 Cassandra Mountains,Davisberg,IL,80942,USA,2023-01-08,7.25
254,Katherine,Barrera,cperez@hotmail.com,(286)411-1457x68321,99077 Bauer Meadows,South Thomasview,SC,71736,USA,2021-08-08,45.83
255,Jill,Barajas,juliemyers@yahoo.com,931.326.8812x2821,84980 Beard Dam,Lake Thomas,AS,28492,USA,2025-09-06,99.85
256,Nicole,Franco,tyler16@hotmail.com,376.698.9992x75175,205 Long Mountain,Melissafort,PA,43373,USA,2023-02-24,99.61
257,Kristopher,Perez,davidsharp@yahoo.com,877-989-4896x340,75367 Randolph Mount Suite 249,Smithborough,GU,72680,USA,2021-10-14,7.33
258,Erik,Taylor,morganclaudia@yahoo.com,(819)594-7113,99948 Randall Drive,New Christina,GA,50737,USA,2022-12-04,21.32
259,Steven,Lowery,hkim@yahoo.com,+1-870-293-1706x955,9352 Carolyn Square Suite 263,Rachelfurt,KY,33107,USA,2025-01-16,26.52
260,Terry,Davis,wernermichael@gmail.com,213.519.0924x87623,98041 Chavez Hill,South Larry,VI,24883,USA,2021-07-10,93.33
261,Debra,Logan,brandonmoore@gmail.com,+1-886-687-8599,473 Thompson Creek Apt. 290,Byrdfurt,NH,69824,USA,2025-04-27,88.09
262,Scott,Martinez,deborahturner@gmail.com,366.719.4588x707,4767 Watson Ford,West Nathanielstad,IA,19576,USA,2023-09-08,87.93
263,Katie,Smith,solisbrenda@yahoo.com,296-446-3004,898 Yolanda Drives,Douglasborough,VA,95206,USA,2022-07-10,36.95
264,Jason,Mckenzie,sandysnyder@gmail.com,976-409-4412x8333,574 Welch Islands Apt. 984,Markhaven,NE,63860,USA,2021-09-15,15.77
265,James,Knight,fkoch@yahoo.com,3072202455,43925 Carly Ramp Suite 111,Mosleyberg,ND,56670,USA,2022-04-10,83.37
266,Andrew,Aguilar,eric81@yahoo.com,309-612-1722,65277 Lynn Inlet Suite 663,Lake Eric,IA,60962,USA,2023-09-12,70.35
267,Nathan,Graham,ubowers@yahoo.com,001-526-500-5595x5017,592 Misty Expressway Suite 617,Kruegerborough,IA,67712,USA,2022-02-15,61.17
268,Scott,Manning,wellsnatalie@yahoo.com,(206)901-4886x0849,374 Snow Walk Apt. 394,Port Shannon,IN,05815,USA,2025-10-20,98.72
269,Kristen,Chan,gary44@yahoo.com,914.321.7518,"PSC 3251, Box 4488",East Morgantown,AP,09491,USA,2024-12-17,65.4
270,Henry,Davis,martinmatthew@hotmail.com,001-237-787-6553x0073,5056 Garcia Passage,Ayalaland,RI,84057,USA,2021-01-05,0.78
271,Jason,Monroe,gcarter@gmail.com,752-712-8991x5114,462 Morgan Loop,Richardtown,ME,97314,USA,2021-12-02,81.71
272,Lauren,Miller,samantha61@hotmail.com,(591)807-3228,11901 Williams Valleys,North Matthew,KS,21316,USA,2020-11-29,29.94
273,Nicholas,Wilkinson,vgarza@yahoo.com,419-403-1061x537,913 Jennifer Fort,Andersonborough,CA,90163,USA,2021-11-30,66.34
274,Jason,Keller,donald42@yahoo.com,6377638821,754 Shannon Spurs,Walkerberg,KY,21532,USA,2025-04-22,93.89
275,Dillon,Barrett,abradley@yahoo.com,+1-457-536-8011,644 Courtney Skyway Suite 167,Thomasbury,PR,44560,USA,2024-05-12,13.43
276,Jennifer,Ferrell,forozco@yahoo.com,(451)218-9394x06557,9830 Barker Plains,Montoyaborough,VA,01334,USA,2021-09-11,11.54
277,Cheryl,Short,mary62@hotmail.com,924.488.8995,6025 Amanda Spur,South Daniel,IL,10097,USA,2025-05-26,10.7
278,Jessica,Carr,castroralph@hotmail.com,(420)967-3231,82832 Rebecca Pass,West Joseside,MA,69323,USA,2021-06-22,55.32
279,Joshua,Rojas,brian90@hotmail.com,+1-274-778-1224,Unit 5618 Box 4442,New Elizabeth,AE,72036,USA,2024-02-04,27.23
280,Jeffrey,Johnson,mike05@yahoo.com,401-964-8188x044,080 Brown Fords Apt. 699,East Caleb,WI,82342,USA,2025-02-08,60.48
281,Jamie,Gallagher,iavila@yahoo.com,282-543-0176x46448,14417 Lynn Highway Suite 255,Lake Emma,HI,53359,USA,2021-10-17,71.76
282,Michael,Stone,mariascott@yahoo.com,326.953.0601,11197 Griffith Turnpike,Lake Erikafort,IA,78268,USA,2023-08-27,20.36
283,Tyler,Garrison,sbaker@hotmail.com,(620)514-9118x941,USCGC Rangel,South Micheal,AP,89645,USA,2022-11-01,63.42
284,Grant,Johnson,david86@hotmail.com,3302835669,3766 Burch Summit,Deleontown,WA,17381,USA,2024-02-26,26.4
285,Angel,Bentley,kara01@gmail.com,259.710.1570,"PSC 0873, Box 5437",South Brandon,AP,72628,USA,2025-09-01,48.85
286,Donna,White,dustin59@yahoo.com,299-832-3123x4266,USNS Thomas,Andrewhaven,AP,13994,USA,2021-01-23,90.53
287,Mark,Bryant,dianehoffman@gmail.com,(313)608-7612x38595,56129 Peterson Plaza Apt. 695,Berrystad,CO,72671,USA,2022-07-02,84.61
288,Chase,Matthews,millerjames@hotmail.com,697.262.0534,16809 Miller Roads,Port Crystal,NH,53950,USA,2025-01-29,9.23
289,Douglas,Martin,sandersalexandria@hotmail.com,803.521.1920x613,37312 Howard Extension,Stephensland,MO,14750,USA,2025-03-26,42.36
290,Jon,Berry,evelyncollier@yahoo.com,(429)785-7973x63831,7822 Alexis Estates,Lake Jameshaven,ND,24407,USA,2024-05-04,27.67
291,Laura,Cole,hopkinsgeorge@gmail.com,(659)567-9089,65058 Giles Spur,North Tina,VA,10051,USA,2024-07-10,0.35
292,Sean,Benton,hollandjustin@yahoo.com,568.929.9687x2258,71523 West Neck Apt. 820,Simpsonside,RI,08821,USA,2021-03-11,77.11
293,Aaron,Schneider,zmurray@gmail.com,001-772-356-2926x9335,32894 Greer Forges Apt. 891,Jacobmouth,CO,90215,USA,2022-10-08,63.71
294,Jeanne,Diaz,smejia@yahoo.com,(336)541-5471x553,918 Sara Creek Suite 972,Lauraland,OR,31436,USA,2022-05-06,26.2
295,Daniel,Barnes,mhoffman@hotmail.com,722-675-8548x5965,45238 Morales Dam Suite 866,Ryanview,NY,54963,USA,2022-05-19,74.12
296,Lisa,Wilson,lloydmiranda@gmail.com,+1-374-562-0258x2543,0836 Evelyn Haven Suite 488,South Shane,FL,65982,USA,2022-05-04,55.17
297,Cheryl,Brown,patelkatie@yahoo.com,001-376-983-1608x27172,25775 Francis Lake Suite 726,New Christopher,AZ,43156,USA,2022-09-12,42.77
298,Michelle,Robinson,joel82@gmail.com,001-954-949-7912,398 Luke Inlet Suite 617,Robertstown,IN,21677,USA,2020-11-21,0.97
299,Jessica,Martin,kelleyglen@gmail.com,761.499.5171,788 Bailey Fords Suite 852,East Andreport,AR,98884,USA,2022-08-27,7.52
300,Brittany,Ray,schultzjessica@gmail.com,001-273-439-3049x36653,7201 Darren Light Suite 122,Dorothyhaven,NV,18325,USA,2024-09-27,88.31
301,Brian,Duran,virginia56@gmail.com,+1-658-356-4230,99529 Colon Trail,South Savannah,FL,36606,USA,2022-03-13,90.39
302,Karen,Brown,petersonjose@gmail.com,695.954.6234x712,40301 Christina Lodge,Cindystad,MN,55969,USA,2024-07-23,54.56
303,Kristen,Hammond,iblack@gmail.com,4453847436,1290 Terri Squares Apt. 713,West Christopher,AR,61049,USA,2022-07-16,83.46
304,Jessica,Bailey,fmorrow@yahoo.com,001-577-314-0049,70004 Perry Courts,Port Darrenmouth,AK,99472,USA,2025-08-27,58.25
305,Ethan,Contreras,ajennings@yahoo.com,+1-499-249-9197x01426,66123 Mitchell Causeway Suite 794,Whitehaven,WV,42748,USA,2022-09-09,14.81
306,Joe,Strong,simonamanda@hotmail.com,283.897.8570x82004,Unit 8018 Box 6448,South Staceystad,AE,21566,USA,2024-11-25,12.74
307,Brandon,Kirby,stevengoodwin@hotmail.com,919-661-5607x832,USCGC Beck,New Michaelville,AE,35514,USA,2025-07-28,30.83
308,Jamie,Rodriguez,jsmith@yahoo.com,(324)367-2879x91609,9364 Aaron Ports,New Blake,ND,91817,USA,2023-06-02,89.9
309,Sandra,Willis,moraleskimberly@hotmail.com,001-444-609-6617x718,"PSC 5447, Box 2419",Debraborough,AE,56720,USA,2025-06-12,79.61
310,Tina,Blair,jhorton@yahoo.com,701-319-2920x75360,USCGC Bradley,Matthewview,AP,12336,USA,2021-06-19,86.07
311,Michael,Brown,alyssa94@gmail.com,580-797-4533x89062,4896 Jimenez Causeway Suite 642,Tracymouth,MD,56021,USA,2023-01-23,89.89
312,Richard,Dickerson,kellyrichmond@yahoo.com,258-348-8600,Unit 7746 Box 2591,North Gregoryville,AA,04138,USA,2024-11-26,21.01
313,Johnny,Hansen,bpeterson@yahoo.com,454-500-6445x475,078 Beltran Roads Apt. 548,New Mark,TN,73572,USA,2021-07-09,24.95
314,Cheryl,Michael,ecohen@yahoo.com,853.940.0181,96304 Espinoza Fields,West Claudia,MD,94766,USA,2024-11-25,10.28
315,Austin,Coleman,maydebra@hotmail.com,892.671.4724x6301,87884 Lara Port,West Victoriamouth,NY,20817,USA,2022-05-10,78.01
316,Dalton,Hawkins,garymartinez@gmail.com,2815435614,01867 Gray Cape,Espinozaville,PW,89202,USA,2025-07-28,88.41
317,Matthew,Davidson,amoon@yahoo.com,813-640-7851,967 Mark Spurs Apt. 666,Hendricksport,AL,85344,USA,2024-11-10,40.64
318,Alexis,Mejia,hgrant@hotmail.com,826-257-8982,150 Pratt Meadow Apt. 571,East Andrew,UT,78449,USA,2023-06-11,62.07
319,Abigail,Acevedo,bcase@yahoo.com,(209)222-5709,8917 Lisa Greens Suite 421,Ryanhaven,NM,06447,USA,2021-05-28,15.46
320,Michael,Peterson,eugenegreen@yahoo.com,(461)505-3709,68507 Brian Keys Apt. 119,Port Dianemouth,PR,61295,USA,2021-03-29,92.99
321,Rhonda,Wheeler,jgutierrez@hotmail.com,5454025896,2944 Miranda Loop Apt. 982,East Rachelland,AS,71072,USA,2021-06-14,86.46
322,Daniel,Keith,patricia88@gmail.com,(715)762-3920x908,3646 Amber Isle,South Michaelmouth,KY,92865,USA,2021-10-11,97.62
323,Melissa,Cross,mcdanielgregory@hotmail.com,925.694.7950,54120 Elizabeth Falls Suite 595,North Luismouth,WV,92203,USA,2021-03-29,81.08
324,Jeremy,Lee,williamstoni@yahoo.com,759.792.8553,039 Aaron Keys Apt. 036,Courtneyville,CA,09939,USA,2022-02-11,88.14
325,Andrea,Brown,wendymason@hotmail.com,850-432-5017x36542,394 Carpenter Landing,Blakeburgh,NM,60594,USA,2023-04-20,2.48
326,Dawn,Perkins,walshsusan@hotmail.com,+1-887-659-2129,21166 Robinson Dale,Karenshire,PW,60340,USA,2022-04-17,73.66
327,Troy,Allen,whiteryan@gmail.com,288-219-5977x21688,58189 Sharp Spur,Lewisstad,CT,15189,USA,2023-10-04,33.22
328,Pamela,Lyons,dmartin@gmail.com,001-293-602-0203,232 Brian Corners Suite 474,North Robertstad,WA,69300,USA,2022-02-19,93.08
329,Bianca,Gonzales,jennifer93@yahoo.com,(698)331-0438,198 David Cliffs Apt. 291,Grimeston,NJ,39630,USA,2024-02-28,80.22
330,Keith,Solis,dcox@yahoo.com,(726)611-4243x6258,0766 Gail Rapids Apt. 396,East Meghan,GA,59957,USA,2022-02-26,86.41
331,Sarah,Fields,mbaker@hotmail.com,(987)760-5457x694,472 Estrada Lakes,North Christian,ID,05053,USA,2024-09-22,81.07
332,Steven,Salinas,david25@yahoo.com,(313)607-4235,594 Lisa Ferry,Sandersmouth,WY,49156,USA,2022-05-31,26.68
333,Robert,Williams,damonsolomon@gmail.com,+1-242-868-7447x01732,8522 Christopher Stream,East Michael,KY,42225,USA,2023-10-09,78.74
334,Jill,Chavez,penningtonmichael@hotmail.com,001-813-768-1720x313,02722 Kyle Island,New Kevinshire,DE,56261,USA,2023-11-08,10.81
335,Jeanette,Knox,michael73@yahoo.com,(401)307-1261x5838,1850 Sanders Causeway Suite 082,Port Melissa,WV,66779,USA,2025-01-22,87.22
336,Philip,Ferguson,jenniferortega@hotmail.com,001-273-911-8046x7413,560 White River,Port Penny,MH,51568,USA,2023-07-20,85.86
337,Tiffany,Barton,krystal05@yahoo.com,001-769-439-5787,151 Madden Grove,Andreland,MA,56634,USA,2021-05-19,22.24
338,Robert,Smith,charlessimmons@yahoo.com,+1-265-443-0895x2312,76075 Wong Manor,Jamesland,SC,90277,USA,2021-11-24,81.66
339,Allison,Bailey,fmclean@yahoo.com,295-729-6353,0450 Richard Knoll Suite 373,South Scott,OK,56419,USA,2024-10-30,46.03
340,Hannah,Martin,karen43@yahoo.com,8884223095,9169 Karen Gardens,Natalieview,LA,30177,USA,2024-12-04,30.52
341,Maureen,PhD,rachel85@gmail.com,8257121375,5792 Benjamin Branch Apt. 449,New Brian,CA,19949,USA,2025-05-13,79.53
342,Kevin,Burton,greenmichael@yahoo.com,247.642.4631,6311 Sarah Plaza Suite 034,North Michaela,GA,88417,USA,2022-11-03,22.76
343,Jason,Figueroa,skim@gmail.com,(575)223-3282,3502 Amanda Turnpike,Robertmouth,GA,73781,USA,2022-01-10,2.37
344,Jennifer,Frey,kimberlylynch@yahoo.com,242.302.8471,024 Clark Common,Jacksontown,OH,34358,USA,2024-09-24,19.31
345,Mary,Anderson,amandaknapp@gmail.com,473.337.9121,8122 George Unions,Robinberg,LA,93904,USA,2021-08-07,32.83
346,Judith,Palmer,heather29@yahoo.com,222-516-2654x9633,1222 Dougherty Summit,North Michael,NH,24328,USA,2022-08-03,86.44
347,Jeremy,Stein,raywalters@gmail.com,422-259-2061x65812,USNV Gutierrez,Morsefort,AA,24747,USA,2024-01-03,96.69
348,Donna,Jones,qjones@yahoo.com,+1-315-782-6868x76401,33138 Bradley Ports Apt. 211,West Karahaven,MP,23162,USA,2023-02-05,27.91
349,Virginia,Brady,danielthomas@yahoo.com,001-311-479-7269x99949,20410 Martin Glen,Paceshire,LA,96542,USA,2025-03-27,64.15
350,Kirsten,Brown,moniquesmith@hotmail.com,001-862-576-3328x389,3838 Savannah Plaza,North Shannonside,RI,22903,USA,2022-09-10,39.97
351,Paul,Wagner,dudleyjames@hotmail.com,(377)661-0659x2088,92188 Michael Ferry,Jeanettetown,NC,63005,USA,2022-12-21,98.11
352,Julie,Wallace,wferguson@gmail.com,+1-907-847-2966x941,57349 Matthew Fork,Oliviashire,WV,58741,USA,2024-12-27,53.62
353,Kristen,Larson,osbornkelly@hotmail.com,5822484581,0928 Liu Islands Apt. 102,Robertston,AZ,52498,USA,2025-08-07,93.92
354,Regina,Rivera,xgarcia@hotmail.com,+1-218-572-6001x3651,6418 Saunders Fields,New Kathleentown,NE,59329,USA,2023-03-06,11.53
355,Wayne,Anderson,lesliecoleman@gmail.com,+1-747-504-7476x4845,USNS Martinez,East Sarah,AE,43988,USA,2024-08-01,97.04
356,Ryan,Meyers,staceyarias@gmail.com,(394)725-2516,277 Ronald Groves,Angelaburgh,MD,93872,USA,2025-01-11,17.86
357,Jerry,Brown,daniel71@yahoo.com,992.960.8788x28152,44930 Hall Pass Apt. 331,East Margaret,WY,09498,USA,2022-07-15,96.25
358,Kristen,White,mossscott@yahoo.com,+1-598-757-3908,143 Lisa Dale Suite 664,Lake Benjaminton,OK,77287,USA,2022-04-05,26.55
359,Kimberly,Ortiz,kirbybrett@gmail.com,214-536-7286x81123,891 Kevin Plains Apt. 971,Ruthview,WV,76601,USA,2025-05-11,10.84
360,Samuel,Wilson,marthagriffin@hotmail.com,001-453-926-0119x39103,669 Jeffrey Turnpike,Port Jennifertown,WA,66638,USA,2023-06-25,43.46
361,Emily,Martinez,wharris@yahoo.com,001-705-885-6154x731,"PSC 1358, Box 9693",Port Christine,AE,46799,USA,2024-01-23,72.85
362,Laura,Kelly,vortiz@gmail.com,(640)451-0388x02730,4416 Austin Cove,Amandaport,SC,27336,USA,2025-01-02,31.37
363,Chad,Vincent,wgreen@hotmail.com,+1-872-371-7430,228 Mays Pass,Port Jasminemouth,WV,46455,USA,2021-10-07,60.62
364,Robert,Rowe,richardjuarez@yahoo.com,(704)912-3190,09091 Lee Views,Andersonview,ND,17241,USA,2024-10-17,51.14
365,Norma,Jones,amy70@hotmail.com,2349686163,64963 Gregory Common Suite 422,North Amandaton,HI,55448,USA,2020-12-20,38.52
366,Joan,Delgado,vsanchez@hotmail.com,4453461719,97130 Jackson Course Apt. 386,Thomasville,SD,51599,USA,2024-11-24,57.66
367,Elizabeth,Russell,aguilarkevin@yahoo.com,001-480-324-5598x5160,9032 May Knoll,Lake Stevenport,NJ,54106,USA,2021-10-09,25.47
368,Tara,Perkins,larry40@hotmail.com,001-936-292-3534x84864,190 Carter Vista,Duncanhaven,AZ,07100,USA,2025-02-26,70.88
369,Laura,Rose,dunnnicholas@yahoo.com,227.837.9897,3919 Aaron Pike Apt. 141,Bradleyberg,OR,12604,USA,2020-12-10,0.17
370,William,Tapia,floreseileen@hotmail.com,(399)294-4946x6720,8294 Teresa Field Suite 015,Johnsonmouth,KY,54617,USA,2025-07-20,92.56
371,Maria,Smith,ubaker@gmail.com,281-661-2559,364 Stephanie Forges Suite 700,New Jacqueline,WI,73903,USA,2024-04-01,53.85
372,Amy,Guzman,fjones@gmail.com,(401)691-5305x7347,507 Graham Islands Apt. 446,Port Cynthia,NV,55415,USA,2022-11-12,71.94
373,Javier,Henry,philliphatfield@hotmail.com,+1-435-400-6184x8974,6224 Stephanie Road Suite 687,Lake Erikton,NJ,61722,USA,2022-11-14,74.2
374,Robert,Parker,laurie11@gmail.com,449.368.0664x05110,88182 Wright Walks Suite 343,Lake Calvin,NY,66389,USA,2022-03-28,67.06
375,Matthew,Ramirez,keyjames@hotmail.com,(701)762-5908x41947,14003 Ellison Mountains,Gillside,WA,13464,USA,2020-12-12,36.42
376,Tina,Peterson,arodriguez@gmail.com,207.768.1024,722 Erica Trace,South Matthew,WI,16310,USA,2023-11-11,7.0
377,Jonathan,Smith,zsmith@yahoo.com,(510)370-3350x8424,9139 Terry Wells,Klineberg,WA,15631,USA,2025-06-12,66.42
378,Donna,Wyatt,bennettjennifer@hotmail.com,001-747-764-2789x61573,Unit 4633 Box 9534,North Markville,AP,12391,USA,2021-10-24,33.02
379,Angela,Cole,kristin65@yahoo.com,4319754380,05171 Steven Circle Suite 156,South Elizabeth,ND,84546,USA,2023-05-23,31.39
380,Kathy,Nguyen,derek76@hotmail.com,+1-706-704-8869x320,353 Alvarez Square,Bowenfort,IL,69839,USA,2022-11-14,84.8
381,Richard,Mcdaniel,max26@gmail.com,(371)911-7576,84227 Michelle Summit,East Sherry,HI,08317,USA,2021-10-10,71.98
382,Richard,Moore,kcooley@hotmail.com,500-349-3326x72446,64710 Payne Ways Apt. 770,Eatonton,MO,25931,USA,2024-08-12,30.03
383,Rachel,Hamilton,davidhaynes@yahoo.com,(672)784-5397,91635 Kenneth Trail,Fostermouth,VT,55522,USA,2021-01-24,30.93
384,Jonathan,Payne,martinkelsey@yahoo.com,(855)601-9354x503,90448 Brenda Extensions Apt. 533,Carlosberg,GA,32571,USA,2022-08-21,40.84
385,Danielle,Golden,wallacemathew@hotmail.com,+1-319-537-5919x2267,12376 Charles Mount,South Ianview,GA,09094,USA,2021-09-19,40.24
386,Nathan,Anderson,smithbrittany@hotmail.com,908.477.9724,2403 Janet Circles Suite 355,New Danielleport,VA,18795,USA,2024-01-20,29.57
387,Christian,Davis,suzannegilmore@gmail.com,(656)872-6208,1590 Matthew Stravenue Suite 640,Port Joanne,WA,69614,USA,2024-12-20,12.73
388,Peggy,Cox,seth86@gmail.com,(827)502-6604x5095,012 John Harbor,New Jacquelinechester,PA,02001,USA,2022-06-11,42.04
389,Dominique,Williams,nealrobert@gmail.com,537-823-4617x62313,056 Ross Spur Suite 076,Alexshire,VT,69408,USA,2021-11-04,94.04
390,Rebecca,Green,sextonjames@gmail.com,651-488-7017x99932,576 Robert Square Apt. 494,Lambfort,GU,36866,USA,2021-03-20,67.73
391,Colleen,Parker,chansen@yahoo.com,(216)543-5990,641 Tiffany Alley,Harmonview,SC,41520,USA,2024-12-03,90.28
392,Jessica,Torres,richardmiddleton@gmail.com,8782604356,589 Shawna Drive,Port Zacharymouth,OK,14918,USA,2023-09-27,61.55
393,Danielle,Adams,kimberly90@hotmail.com,001-855-304-9221x7048,3859 Paul Terrace Apt. 963,Archertown,UT,68007,USA,2025-07-03,30.09
394,Jeremy,Russell,hoffmanrobert@yahoo.com,+1-631-735-4901,1708 Short Inlet,East Jennifershire,LA,21175,USA,2025-09-05,54.79
395,Xavier,George,kirstenbenson@hotmail.com,001-492-881-5037x01709,7806 Finley Groves,North Noahview,FM,85068,USA,2023-05-28,0.04
396,Amber,Johnson,carolineperry@gmail.com,001-496-212-7662x0808,8500 Thomas Parkways Suite 927,Gilesville,ND,00787,USA,2022-11-28,28.69
397,Madison,Brock,lisa24@gmail.com,796.470.2436,9091 Summer Mount,Sullivanton,OH,35400,USA,2023-06-28,42.99
398,Courtney,Duran,susanhall@gmail.com,(822)469-9206x6617,986 Richards Curve Suite 949,West Jacobhaven,DC,98607,USA,2022-06-23,58.0
399,William,Kerr,david48@gmail.com,(229)514-3049x1341,315 Carrie Summit Apt. 912,Kennethmouth,AL,09217,USA,2025-04-05,65.47
400,Steven,Bridges,anthonyrandolph@yahoo.com,+1-453-607-9661x86957,489 Martinez Port,North Christopher,MO,70486,USA,2020-12-03,46.5
401,Todd,Henry,kgonzalez@gmail.com,+1-419-638-7337x034,Unit 5036 Box 1920,Marthashire,AE,91597,USA,2023-07-05,44.22
402,Dustin,Lynch,christian56@gmail.com,+1-553-291-6077x00409,580 Reed Streets,Josephfurt,MD,59731,USA,2023-07-08,21.37
403,Bruce,Hill,katierodgers@gmail.com,656.623.0397,407 Edward Islands Apt. 951,Port James,VT,79185,USA,2021-01-16,47.32
404,Sara,Freeman,lisagray@gmail.com,+1-907-374-5447x08231,052 Allen Shoals Apt. 196,Jeremiahfort,FL,02872,USA,2023-04-30,90.12
405,Rodney,Armstrong,allen57@hotmail.com,3984910390,605 Phillip Canyon Suite 636,Lake Cynthiaview,FM,84527,USA,2021-05-14,79.6
406,Briana,Taylor,dorothy44@hotmail.com,881.718.0818,USS Flores,Heathermouth,AP,73486,USA,2023-11-06,16.97
407,Sara,Campbell,westkenneth@hotmail.com,(505)787-9052x24413,23515 Johnson Landing Apt. 017,Lambmouth,CO,55965,USA,2023-06-26,8.48
408,Anthony,Bennett,bcarpenter@yahoo.com,818.943.0192x2095,59748 Foster Avenue,Lake Heather,WI,24845,USA,2022-12-04,51.55
409,Ruth,Vaughn,jeffreynichols@yahoo.com,771-699-8290x7551,20914 Cameron Ridges,Kellyborough,HI,68168,USA,2023-10-11,63.29
410,Amy,Howe,dcole@gmail.com,001-770-470-3850x3605,USCGC Tanner,South Richardport,AP,92230,USA,2025-02-24,33.52
411,Dwayne,Luna,agreer@gmail.com,699.879.8491,564 Daniel Haven,North Alexandra,SD,77335,USA,2021-02-27,81.84
412,Adrian,Campbell,anna53@yahoo.com,001-987-218-8822x3788,76223 Crosby Hills,Raymondmouth,SC,21684,USA,2023-09-03,75.11
413,Joseph,Cruz,tashachase@yahoo.com,657-986-5557x512,80926 Patrick Curve,Cohenchester,MH,42267,USA,2024-07-13,67.28
414,Anthony,Mills,afitzpatrick@gmail.com,+1-544-223-8602x050,86860 Mary View,South James,NV,03106,USA,2023-03-26,22.46
415,Mary,Smith,robin73@yahoo.com,215.989.2584,8095 Bowman Fork Suite 059,Josephton,AL,22597,USA,2022-06-30,19.91
416,Darren,Elliott,kristin86@hotmail.com,373-706-6293,96233 Tasha Meadow Apt. 586,Sarahborough,MP,63489,USA,2021-08-26,2.44
417,Kathryn,Phillips,nicoleperez@hotmail.com,(975)353-9818x89073,654 Brown Plaza,Chadmouth,OR,42832,USA,2023-11-13,24.48
418,Lindsey,Grant,pmiller@hotmail.com,(469)801-0792x3729,90518 Eric Port,Lake Mariatown,NY,18040,USA,2025-07-28,47.51
419,Susan,Dixon,yatkins@hotmail.com,715.455.0570,Unit 3557 Box 0773,Port Linda,AP,13812,USA,2021-08-30,84.97
420,Michael,Stevenson,richardmooney@gmail.com,846-579-4036x6401,910 Johns Mission Suite 802,Michaelhaven,AS,82756,USA,2022-01-05,7.28
421,Peter,Hunter,elainehall@hotmail.com,+1-523-832-4165x1854,USNS Page,West Angieport,AE,74548,USA,2024-03-05,41.44
422,Susan,Evans,asmith@gmail.com,877.640.2928,9814 Jeremy Track,Lake Brittanyside,MS,92126,USA,2022-12-02,62.98
423,Alyssa,Hernandez,julie34@gmail.com,+1-901-737-6836,USS Taylor,West Christina,AE,18017,USA,2021-01-02,19.44
424,Jodi,Jones,rodriguezpatrick@yahoo.com,449-700-3850,99569 Kelly Trace,Rosalesview,TX,57998,USA,2023-10-15,69.64
425,Veronica,Decker,ssimon@gmail.com,237-276-6183x0858,325 Danny Square Suite 887,West Alexismouth,VI,90705,USA,2021-09-19,49.44
426,Mr.,Miller,pmay@gmail.com,001-805-922-4114x206,15423 Richard Center,Tiffanymouth,NY,57089,USA,2021-03-06,24.4
427,Dawn,Rodgers,brandongray@hotmail.com,423.594.5645,13484 Jeffrey Courts,Mosesville,MN,24295,USA,2023-06-16,65.61
428,Elizabeth,Brock,richard15@hotmail.com,5965641475,Unit 6559 Box 1476,Port Danielle,AE,48962,USA,2024-04-22,0.55
429,Shawn,Waters,lsnyder@gmail.com,397-393-9981x6153,27638 Mario Forest Suite 685,South Jessicaberg,AK,54628,USA,2024-03-20,75.1
430,Anita,Sanchez,davidkrause@yahoo.com,001-340-436-9481,6254 Kaitlyn Village Apt. 645,Taylorshire,PA,14772,USA,2024-05-21,77.0
431,Keith,Davis,moralesjennifer@hotmail.com,+1-241-301-6793,33344 Thomas Shores,West Brandonshire,TX,36366,USA,2023-01-01,10.66
432,Alexandra,Campbell,davidsingleton@gmail.com,911.271.3219x4024,8420 Luis Club Suite 079,Brownmouth,CT,27424,USA,2022-03-29,42.51
433,Barbara,Pittman,johnsondana@yahoo.com,735-406-9626x16845,Unit 6194 Box 2321,North Jenniferland,AA,37720,USA,2023-08-14,17.59
434,Kathleen,Collins,tinajohnson@gmail.com,817.226.6256x504,Unit 5675 Box 6355,Port Veronica,AP,39330,USA,2024-12-02,95.8
435,Angela,Trevino,schmitttina@yahoo.com,(632)282-2282,417 Amanda Avenue,North Michaelburgh,NY,94887,USA,2025-06-05,51.8
436,Sean,Fox,boylemichael@gmail.com,+1-501-604-1945,57228 Sandra Avenue Suite 415,North David,PA,61365,USA,2021-07-10,5.02
437,Cameron,Gill,nunezjeremy@hotmail.com,001-840-284-2906,39743 Carlson Bridge,Muellershire,MD,45652,USA,2023-05-27,24.92
438,Joseph,Owen,ebeck@yahoo.com,+1-496-544-4772x5084,"PSC 0253, Box 0843",Gilbertburgh,AA,95251,USA,2022-01-24,84.83
439,Eric,Smith,cruzmary@hotmail.com,258-428-6304,2570 Wendy Forest,Michaelbury,WY,44795,USA,2024-07-26,45.65
440,Stephen,Williamson,rachelreyes@gmail.com,590-919-3335,3250 David Fort,East Edwardchester,ND,47463,USA,2025-01-04,80.14
441,April,Lucas,laura53@gmail.com,477-966-6505,778 Justin Lane Suite 743,Jamesville,RI,39260,USA,2024-06-03,66.76
442,Rachel,Moore,hughesmargaret@hotmail.com,(937)711-4294x30003,23718 Willis Cliffs,Deborahstad,NC,94933,USA,2022-12-16,98.79
443,Michele,Jones,garciajoshua@gmail.com,856.456.9764x8784,66426 Glenn Wells Apt. 512,Port Renee,MD,45776,USA,2022-04-08,59.55
444,Kenneth,Erickson,karenliu@hotmail.com,(950)422-3477x80457,509 Silva Forge,East Barbaraport,VI,18652,USA,2024-01-17,95.0
445,Doris,Rios,levi67@yahoo.com,(864)283-3367,3632 Gonzalez Creek,Wesleyview,AK,06924,USA,2025-03-14,89.14
446,Melissa,Jacobs,ashley01@gmail.com,889.804.4104x04315,93500 Daniel Isle Suite 617,New Natalieborough,VT,91061,USA,2025-03-13,61.27
447,Daniel,Rivera,barry90@gmail.com,001-476-875-9833,9883 Miles Mews,Rodriguezshire,NE,68312,USA,2021-06-05,71.93
448,Nathan,Hancock,justinhughes@hotmail.com,227.466.9834x515,8015 Hickman Meadow Suite 930,East Rachel,NY,45192,USA,2023-08-04,50.48
449,Jacqueline,Evans,martinezkathleen@yahoo.com,305.977.7196,863 Kimberly Circle Apt. 712,Emilyfort,FL,25858,USA,2021-10-15,83.06
450,Leonard,Bailey,sierra65@gmail.com,257-391-1501,221 Kathleen Gardens,South Brendan,NJ,88550,USA,2024-03-30,54.79
451,Amanda,Johnson,meyerspatrick@hotmail.com,001-282-246-8549x27240,"PSC 6432, Box 0317",Hendersonberg,AP,18681,USA,2022-01-25,89.72
452,Mary,Miller,vanessaflores@yahoo.com,280-528-3541x5892,9301 Brian Camp,Meyertown,IA,09147,USA,2021-04-15,74.37
453,Mark,Butler,wigginsrhonda@gmail.com,742.218.9142x69376,Unit 1058 Box 3309,New Seth,AA,65669,USA,2021-10-01,47.47
454,Jeffery,Vaughn,stevemorales@hotmail.com,959.981.2559,7880 Seth Locks Apt. 652,South Kellyshire,PA,89102,USA,2024-10-27,25.92
455,Vanessa,Huff,ashleydon@yahoo.com,492-587-8757x030,871 Mckenzie Inlet,Lake Carrieview,WI,06214,USA,2021-01-07,24.72
456,Sherry,Morgan,rickyclark@gmail.com,001-640-257-1446x9567,00730 Lisa Turnpike Apt. 662,South Sierra,NV,48143,USA,2024-02-07,63.77
457,Ivan,Torres,asoto@yahoo.com,001-698-734-4369x58050,8532 Michelle Valleys Suite 758,Johnchester,MH,80317,USA,2021-05-17,76.58
458,Andres,III,joseph50@gmail.com,7455028143,"PSC 1625, Box 8515",Lake Heidi,AE,89182,USA,2021-06-02,52.13
459,Linda,Ingram,zescobar@hotmail.com,001-735-511-7455,573 Angela Springs,Davilaland,CO,34519,USA,2024-09-22,62.67
460,Jennifer,Wells,dixonkristen@yahoo.com,605-599-8226x73123,9319 Allen Turnpike,Everettport,CA,57625,USA,2025-05-20,27.46
461,Hailey,Walls,lgray@hotmail.com,871.715.0629x1792,9044 Paula Pike Apt. 436,Lake Tina,FM,05499,USA,2021-05-31,7.75
462,Christopher,Rodriguez,drobinson@yahoo.com,2205268387,2987 Smith Row,West Joshuaton,MN,26256,USA,2023-07-03,28.57
463,Christopher,Stewart,johncoleman@hotmail.com,(401)238-8253,272 Brandon Terrace,North Amyburgh,KY,49691,USA,2025-07-19,27.17
464,Angela,Goodwin,lpatterson@gmail.com,608.751.1919x445,41070 Wilson Garden,Daltonborough,WY,86249,USA,2024-06-10,31.97
465,James,Morgan,judyhubbard@yahoo.com,001-546-214-4662x763,55737 James Vista,East Grace,GA,96109,USA,2023-05-24,54.02
466,Joyce,Maxwell,ewatkins@gmail.com,2658934104,04837 Richard Forks,Lake Dawnfort,WA,19502,USA,2022-02-06,13.84
467,Jocelyn,Anderson,marissa74@hotmail.com,8615735631,2217 Daniel Plains,New Christineville,MI,68236,USA,2021-09-01,23.13
468,Veronica,Richardson,gallagherdawn@gmail.com,001-590-737-2954x585,3216 Leah Spurs Apt. 613,Port Melanieport,MA,35596,USA,2024-06-13,69.39
469,Sylvia,Kelley,marcusgilmore@gmail.com,863-609-3079x68590,6212 Richard Camp Apt. 863,Lucasville,GU,27752,USA,2023-12-13,70.64
470,Donald,Daniel,mendozaderek@yahoo.com,+1-744-242-4842x0243,24222 Davis Ridges Apt. 063,North Patriciaville,MD,40942,USA,2023-06-26,6.42
471,Michael,Hurley,kevinnguyen@gmail.com,(437)466-6969,261 Anthony Flats,North Cynthia,HI,98719,USA,2025-09-18,40.76
472,Joshua,Davis,williamlopez@yahoo.com,924-638-2692x8550,889 Stephanie Glens Apt. 751,Parsonsstad,VA,05387,USA,2022-08-09,54.26
473,Alex,Atkins,greendavid@hotmail.com,(867)298-9947x06170,954 Andrea Motorway,Estradahaven,WA,96147,USA,2021-08-04,41.58
474,Terry,Miller,robert50@hotmail.com,001-393-975-4024x286,16744 James Square Apt. 596,Kimberlychester,MD,02681,USA,2025-06-08,20.68
475,Rebecca,Martinez,phodges@hotmail.com,(795)819-3048x5277,680 Gonzalez Passage,South Andrea,AK,10916,USA,2024-11-27,42.01
476,Jasmine,Perry,ffrazier@yahoo.com,(778)650-8989x7747,3174 Delacruz Mountain,South John,TX,54696,USA,2023-04-23,90.48
477,Sara,Marquez,candice53@yahoo.com,485.865.3523,30990 Dawn Cape Suite 065,Jennifermouth,FL,32242,USA,2024-07-10,58.41
478,Suzanne,Lambert,vegalucas@gmail.com,886-887-0479,USNV Morales,Thomaschester,AE,41390,USA,2024-02-17,69.55
479,Alexis,Watson,nbecker@hotmail.com,647-485-2474,40513 Amanda Lane,New Brittany,VI,32434,USA,2020-11-21,85.67
480,Deborah,Garcia,samanthajones@hotmail.com,001-384-812-8655,534 Barton Place Apt. 539,Matthewton,NM,72640,USA,2024-10-14,76.56
481,Christopher,Medina,larrymoore@hotmail.com,255-553-0153,309 Glenn Passage Suite 273,Davisbury,LA,95361,USA,2021-05-14,38.04
482,Jerry,Patel,thomassheila@hotmail.com,+1-322-942-1682x6822,4191 Robert Cove,North Brianhaven,UT,81222,USA,2023-11-23,0.59
483,Richard,Houston,williamsdeanna@yahoo.com,(606)904-8022x4065,724 Angela Crossing Apt. 951,Lake Sarahhaven,MA,89222,USA,2023-02-09,35.18
484,James,Petty,courtney56@gmail.com,+1-260-547-9471,887 Bailey Square Apt. 136,North Victoriaborough,MP,78040,USA,2025-03-13,75.35
485,Barbara,Le,briannaandrade@hotmail.com,(529)425-8228x2801,532 Snyder Valley,Davenportmouth,MO,82655,USA,2022-12-15,85.34
486,Jeffrey,Hicks,halldaisy@gmail.com,001-719-397-6453x4965,592 Hill Station Suite 411,Wallaceville,TX,21012,USA,2023-11-30,95.34
487,Brian,Powell,barbara22@yahoo.com,748.801.5373,349 Timothy Loop Apt. 984,West Alanborough,CO,83570,USA,2024-04-09,41.9
488,Gregory,Green,sotokara@yahoo.com,+1-330-477-5582,911 Jennifer View Suite 672,Jenniferborough,CO,47348,USA,2024-02-26,74.75
489,Claudia,Lawson,kerry49@gmail.com,001-859-907-0554x94343,4982 Zachary Row,Hamiltonfurt,KY,58169,USA,2025-01-21,54.61
490,Jennifer,Elliott,martinezmason@yahoo.com,754.974.1685,9431 Benson Orchard,Richardville,MN,61881,USA,2022-09-08,60.33
491,Scott,Herrera,scott40@yahoo.com,(960)717-0396x101,147 Le Valley Apt. 418,South Sheila,MA,05971,USA,2021-02-18,22.05
492,Jessica,Johnson,beth38@hotmail.com,+1-234-313-3513,3673 Suarez Underpass,South Davidside,AZ,64601,USA,2023-03-08,21.94
493,Julie,Mathews,beckrobin@hotmail.com,(469)811-2232x1425,658 Peter Burg Apt. 526,East Oliviahaven,OR,35158,USA,2021-07-27,43.58
494,Rachel,Payne,christopher67@gmail.com,+1-347-614-6220,Unit 5203 Box 8819,Palmerville,AE,58770,USA,2025-04-23,2.9
495,Erica,Proctor,mthomas@yahoo.com,8329645649,162 Victor Canyon Suite 888,Cervantesbury,CT,66168,USA,2023-05-29,33.61
496,Angela,Johnson,lopezvictoria@gmail.com,001-408-587-5480,4215 Carl Gateway,East Grantchester,GA,53130,USA,2022-07-24,67.91
497,Peter,Carey,hernandezamy@gmail.com,3948124605,979 Sarah Junction Suite 177,Robertmouth,ID,04781,USA,2023-01-09,40.43
498,Lynn,Garza,bradleyperez@yahoo.com,327-307-9959x4761,7451 Kevin Harbors Apt. 947,Smithmouth,CO,45647,USA,2021-04-21,16.5
499,Kenneth,Myers,lynchjonathan@hotmail.com,995.970.3996x263,606 Cummings Stream Apt. 613,Waremouth,NJ,04927,USA,2022-06-06,46.74
500,Richard,Brown,nicholas60@yahoo.com,+1-641-728-5370x064,Unit 4306 Box 9523,Morrisberg,AA,57864,USA,2023-04-24,12.76
501,Glen,Rodriguez,terriortiz@yahoo.com,570-419-5866,8688 Stephens Burgs,North John,OR,17548,USA,2025-06-17,62.23
502,Ricardo,Moore,ruizandrew@gmail.com,+1-910-646-6275x01526,5120 Erin Street Apt. 175,Alyssaberg,CA,52713,USA,2023-03-19,2.7
503,Crystal,Griffith,fwilliams@yahoo.com,+1-720-492-5192x01828,26714 Porter Courts,New Ryanfort,AZ,95183,USA,2022-11-23,39.4
504,Tracy,Cole,teresamckee@yahoo.com,673.967.7244x3435,1424 Serrano Prairie Suite 262,East Kevinshire,ND,31661,USA,2025-04-13,56.44
505,William,Bennett,simsjennifer@hotmail.com,369.730.9140,5737 Anderson Expressway,Brittneyton,DC,48469,USA,2022-02-16,2.71
506,Tony,Wilson,shane42@gmail.com,001-224-273-6500x32990,596 Buck Orchard,Port Garychester,MI,33163,USA,2024-07-18,64.27
507,Jason,Hancock,christytorres@gmail.com,645.333.0236,5392 Thompson Mountains,East Johnfort,IA,67471,USA,2022-05-22,13.57
508,Karen,King,diazmichael@hotmail.com,7785191350,042 Paula Viaduct Suite 564,East Malikhaven,MN,49294,USA,2023-07-04,46.17
509,William,Jensen,meganjones@hotmail.com,243-336-0809,52007 Ayers Island Apt. 420,Larsonmouth,NY,47490,USA,2021-03-30,5.03
510,Pamela,Butler,erasmussen@hotmail.com,900.572.7208x14723,569 Victoria Road,South Timothy,MO,73482,USA,2023-11-10,37.91
511,John,Walker,kcastillo@gmail.com,001-818-707-3920x02585,5185 Barry Corner Suite 456,West John,GU,53214,USA,2022-09-08,21.17
512,Michele,Olson,manuel05@yahoo.com,224.261.6303x4383,Unit 8099 Box 8397,Younghaven,AA,83220,USA,2021-02-13,32.68
513,Emily,Gilbert,nhernandez@yahoo.com,740.356.7712,962 Matthew Mission,East Benjamin,AL,22250,USA,2024-01-03,76.12
514,Ashley,Black,tonytran@yahoo.com,8225482488,863 Miller Dam,Kevinberg,MP,72807,USA,2021-06-20,37.91
515,Cynthia,Jones,fsmith@gmail.com,+1-334-310-3414x13181,911 Jessica Vista,Ortizside,FM,40317,USA,2023-07-10,75.2
516,Gloria,Miller,donna87@hotmail.com,001-240-533-7449x9987,45645 Martinez Track,Krystalmouth,NJ,79097,USA,2022-12-20,83.19
517,Jennifer,Booker,daviescarrie@hotmail.com,001-298-294-8481x70361,53606 Smith Harbors,Nancyfurt,MO,61302,USA,2024-09-29,25.23
518,Benjamin,Tucker,berrykatherine@gmail.com,001-555-223-9170x335,14441 Cook Ramp,Elizabethchester,IN,31079,USA,2021-05-04,8.19
519,Robert,Silva,sarahgonzalez@hotmail.com,001-779-967-0605x58173,653 Michelle Shoals Suite 871,Port David,KY,76064,USA,2021-12-07,1.94
520,Barbara,Taylor,michael03@hotmail.com,+1-301-456-1619x73844,1866 Michael Crossroad,North Elizabethville,MS,07525,USA,2021-08-12,53.94
521,Megan,Hawkins,courtneygutierrez@yahoo.com,861.530.2364x1693,221 Natasha Brooks,Shortville,NC,95821,USA,2023-07-25,99.99
522,Julia,Hill,stevengreen@hotmail.com,(281)711-4330x64098,52964 Turner Pike,Wangside,AS,98410,USA,2025-08-24,35.0
523,Ryan,Stewart,ajackson@gmail.com,+1-799-797-7379x39579,Unit 6032 Box 3584,East Cindystad,AE,70649,USA,2021-06-10,65.01
524,Jocelyn,Fleming,kgarcia@yahoo.com,(587)332-1078,30080 Sanders Gateway,Virginiaside,OK,22275,USA,2022-04-30,78.12
525,Jeffery,Gomez,tracywolfe@gmail.com,(423)500-3607x22350,95551 Andrew Lakes,Jenniferberg,UT,70987,USA,2020-11-21,65.18
526,Melanie,Wiley,ehuff@hotmail.com,001-458-201-5176x4296,04544 Sherri Loaf,Lake Amyport,NH,01062,USA,2025-11-08,75.42
527,Barbara,Smith,pfields@yahoo.com,+1-282-560-3174,6253 Williams Coves Apt. 152,Griffinside,MP,24300,USA,2021-01-13,94.96
528,Ian,Barrera,fmorris@hotmail.com,945.211.6089x589,Unit 1137 Box 9830,Taylorberg,AP,40536,USA,2021-10-17,19.94
529,Victor,White,peter11@hotmail.com,+1-589-286-8184x3976,927 Cynthia Isle Suite 033,New Michael,TX,46738,USA,2025-09-14,2.04
530,Julie,Crawford,victoria16@gmail.com,+1-575-268-1678x43407,9839 Blevins Route,Shannonbury,NE,48194,USA,2024-08-19,15.24
531,Sara,Owens,justin33@yahoo.com,890-732-2347x714,85023 Kathy Dam Suite 532,Cindyberg,AS,16082,USA,2021-02-24,12.62
532,Emily,Cooper,joseph59@yahoo.com,+1-730-556-4468,21893 Sue Drive Suite 065,Port Edward,MH,20662,USA,2020-11-26,66.95
533,Fred,Ayers,hjohnson@gmail.com,379-406-7015,9626 Isaiah Spur,Ericafurt,NV,49590,USA,2021-03-13,56.4
534,Sarah,King,yangeric@yahoo.com,001-942-470-5498x5788,05307 Erik Mall,Lake Steven,DC,19548,USA,2025-07-11,21.8
535,Cheryl,Moore,lucasolivia@yahoo.com,670.461.2988x972,2573 Pierce Square Suite 778,Robertfort,AS,91842,USA,2024-04-05,69.95
536,Brandy,Hogan,nortoncharles@hotmail.com,2199919848,512 Aguilar Field Apt. 242,Christopherfurt,TX,90373,USA,2020-11-21,76.69
537,Melissa,Chan,charper@hotmail.com,(254)397-2392,1051 Austin Village Apt. 070,North Nathan,AK,95726,USA,2020-12-20,16.78
538,Stacey,Diaz,brianmiller@yahoo.com,(281)760-8557x1749,4051 John Tunnel,Figueroamouth,NE,99013,USA,2025-04-19,60.72
539,James,Hicks,qclark@yahoo.com,+1-585-293-2135x961,9111 Heather Centers,Byrdhaven,ND,33306,USA,2024-09-23,74.79
540,Melissa,York,tanyanash@yahoo.com,284.672.1461x7275,Unit 4984 Box 7460,South Susan,AA,23373,USA,2023-10-18,11.45
541,Stephanie,Coleman,hullsara@gmail.com,(275)319-3463,USNS Perry,Sydneychester,AE,91105,USA,2022-03-03,81.93
542,Joseph,French,tammy16@gmail.com,(231)812-1380x78287,433 Jason Mill Apt. 718,Brennanstad,LA,39593,USA,2024-05-29,96.47
543,Sonia,Reed,usilva@hotmail.com,420.936.6864,88284 Stephenson Isle Apt. 031,Davisburgh,GU,81358,USA,2024-12-14,10.81
544,Tony,Park,dana55@yahoo.com,(228)457-0424,32770 Jonathan Forest Suite 859,Lake Cynthia,WI,61093,USA,2023-09-07,2.57
545,Terry,Boyd,vskinner@yahoo.com,6064239459,467 Jared Station Apt. 912,Hardinmouth,MI,70579,USA,2024-06-15,31.2
546,Jason,Fields,bensonjohn@hotmail.com,8277728715,83356 Luke Plaza Apt. 080,West Richard,NH,37227,USA,2024-07-15,67.73
547,Thomas,Contreras,claudiamcmahon@hotmail.com,202.476.9473,07882 Preston Island Apt. 192,Luiston,NM,39219,USA,2023-06-03,95.82
548,Monica,Vega,wardmaria@gmail.com,001-934-885-7133x9962,900 Buckley Neck Suite 123,Port Danielport,AL,11818,USA,2025-07-09,39.67
549,Johnny,Roberts,christinesampson@gmail.com,856.883.1723,664 Moore Crescent,North Emily,AZ,67758,USA,2025-01-10,71.5
550,Valerie,DDS,allenjamie@gmail.com,252.557.2316x316,4956 Susan Club,Brianfort,WI,51729,USA,2025-02-05,7.6
551,Valerie,Powers,msanders@gmail.com,(634)630-6587,70071 Mills Branch,New Robertbury,KY,86479,USA,2025-06-23,69.06
552,Marilyn,Sanchez,shannonstephanie@gmail.com,+1-632-838-0043x6475,"PSC 8236, Box 7883",Gonzalezshire,AP,93619,USA,2024-06-13,62.72
553,Oscar,Acevedo,william08@gmail.com,(711)689-2605x5546,1572 Jasmine Station Apt. 611,Loweryborough,CT,40729,USA,2022-05-12,10.19
554,David,Hunter,ischneider@gmail.com,+1-650-295-7093,697 Mcdaniel Spurs,Yatesbury,WA,27719,USA,2025-09-30,77.25
555,Tamara,Ward,nancy14@gmail.com,(217)256-2752,USNV Mitchell,Johnstonport,AP,51251,USA,2021-10-27,85.03
556,Dr.,Galvan,rhiggins@hotmail.com,594-584-1423x552,0781 Felicia Road,Lake Joannaton,NV,53589,USA,2024-12-23,60.04
557,Rhonda,Marquez,fdavis@yahoo.com,646-411-9830x975,708 Jones Stravenue,North Kevinfurt,DE,55095,USA,2023-06-09,12.11
558,Nicholas,Hammond,piercefrank@gmail.com,268-521-0037x0907,666 Eddie Meadows,Stephenchester,OH,28682,USA,2025-01-05,98.38
559,Kayla,Quinn,amber62@hotmail.com,8034452202,4565 Anderson Mountains Suite 541,Woodsstad,OR,36080,USA,2024-03-31,78.26
560,Beth,Paul,josephross@yahoo.com,+1-956-428-3723,837 Bryan Union Suite 366,West David,NE,30719,USA,2022-06-14,34.72
561,Daniel,Johnson,jesusgill@hotmail.com,651.476.9680x64554,456 David Rue,South Craig,KY,61415,USA,2021-09-06,42.84
562,Michael,Moody,cynthiaarmstrong@gmail.com,(850)966-6860,833 Heather Brooks Apt. 219,Lake Gailtown,MI,48054,USA,2022-10-07,37.06
563,John,Pitts,ashlee63@hotmail.com,800.821.0273,99495 Smith Point Suite 546,Brownfort,ID,10264,USA,2022-10-02,50.6
564,Jeanette,Norton,johnsonalex@hotmail.com,(995)341-7609x093,732 Collins Throughway,Lake Taylor,FM,75345,USA,2024-05-24,34.12
565,Ray,Sandoval,hopkinspaul@yahoo.com,(850)623-0899,477 Brittney Terrace Apt. 743,New Billy,NY,42301,USA,2024-03-18,84.96
566,Courtney,Hampton,yhowell@yahoo.com,(312)221-5039x65586,"PSC 9037, Box 6474",Lake Judithland,AA,56902,USA,2021-03-24,82.23
567,Joseph,Walker,lopezkelly@yahoo.com,+1-293-696-8718x67170,8061 Lawson Trail,Davidville,AZ,47194,USA,2022-02-14,10.55
568,Nicole,Gould,blake03@yahoo.com,306.495.1657,5885 Moore Mission Suite 806,Lake Antonio,MH,54832,USA,2021-10-21,96.08
569,Amber,Day,brianfrench@gmail.com,(308)916-4180x44608,688 Megan Prairie Suite 196,East Karenborough,GA,12173,USA,2021-09-26,63.56
570,Raymond,Randall,ashley07@yahoo.com,+1-819-353-0164x728,42904 Gibson Wall Suite 625,Sullivanfurt,ND,38204,USA,2024-11-10,82.87
571,James,Stone,tatekyle@hotmail.com,725-824-2352,967 David Land Suite 277,Craneborough,MH,48201,USA,2021-02-26,70.73
572,Natasha,Mills,keithhernandez@gmail.com,001-837-479-8240x211,91294 Small Fork,Huntview,KY,04560,USA,2022-10-22,43.55
573,Lisa,Knight,dcooper@hotmail.com,244-722-5351x17882,55877 Parsons Ways Suite 263,Hollowayberg,FL,26115,USA,2021-04-05,73.38
574,Holly,Spencer,briankennedy@gmail.com,843-601-0614x452,685 Curtis Trail,South Maureenland,TN,86332,USA,2023-11-13,96.55
575,Timothy,Lewis,carol75@hotmail.com,382.474.9033,618 Mary Mountains Suite 021,Jeffchester,NM,80062,USA,2022-04-17,27.01
576,Lindsey,Baker,adam03@yahoo.com,(578)547-2643,0076 Fernando Plaza Apt. 128,Grimesside,IL,66488,USA,2020-12-17,80.82
577,Ian,Willis,rodriguezabigail@yahoo.com,+1-481-316-5955x8594,42106 Taylor Springs,Port Nicholas,ME,73784,USA,2022-12-19,53.82
578,Craig,Garcia,yesenia19@yahoo.com,(200)611-1391x548,842 Buchanan Walk,Atkinsonville,PA,02203,USA,2023-04-11,48.35
579,Jennifer,King,qwalker@gmail.com,(599)472-4597x1557,3672 Brandy Lock Apt. 023,North Michael,IN,88925,USA,2025-01-09,43.56
580,Brian,Rogers,emily73@yahoo.com,+1-964-358-7669x494,433 Hill Parks Apt. 263,Dyerstad,NM,86727,USA,2023-11-01,73.1
581,Robert,Allen,natalie94@yahoo.com,280-840-7373x0415,8078 Nicholas Place Apt. 385,East Richardfurt,VA,80083,USA,2022-09-22,26.84
582,Michelle,Roberson,vshields@gmail.com,3107276078,3997 Rodriguez Ranch,Lisaland,WV,75941,USA,2021-11-05,85.17
583,Joseph,Vargas,melissajohnson@yahoo.com,+1-912-692-3613x91237,0270 Valencia Mountains,Lake Meghanside,AR,63531,USA,2023-12-18,83.07
584,Brian,Doyle,kathleenbecker@yahoo.com,(580)890-3178,303 Holmes Trafficway Suite 736,Christinefort,VI,38650,USA,2023-01-18,8.67
585,Angela,Vasquez,wendy93@gmail.com,502.299.9663,Unit 0756 Box 0526,North Juliaburgh,AP,82420,USA,2022-04-10,88.16
586,Tracey,Gomez,adam42@gmail.com,(548)447-3857x797,068 Lindsey Centers,New Johnton,WY,91349,USA,2023-03-04,24.39
587,Garrett,Fox,jack55@hotmail.com,(415)604-8849x1508,5903 Sharon Crossing,Judymouth,PR,40259,USA,2023-04-27,46.47
588,Andrew,Lowery,fburton@yahoo.com,559-748-4967x41662,4123 Hernandez Heights,South Bryanport,RI,05552,USA,2024-06-15,61.03
589,Gary,Willis,steelejames@gmail.com,(262)716-8335x766,"PSC 0054, Box 5583",Cindymouth,AA,46794,USA,2020-12-07,37.9
590,Patrick,MD,monicabarnett@yahoo.com,+1-533-939-6379x020,010 Watson Track Apt. 911,Mitchellton,AZ,21703,USA,2025-04-12,2.87
591,Wendy,Brown,vpowell@yahoo.com,778-332-7966x379,348 Jacob Ferry,Parkertown,KY,20017,USA,2025-07-17,85.1
592,Scott,Nelson,davidcourtney@hotmail.com,322.503.7337x8406,9666 Susan Crossing Apt. 292,West Patrick,SC,85121,USA,2025-03-31,18.18
593,Eric,Ware,ahoffman@gmail.com,844.920.0421,7644 Lewis Mall,West Suzannestad,MN,54382,USA,2022-12-29,21.21
594,Sean,Taylor,jennamason@yahoo.com,(829)718-4574,79042 James Court,Williamsstad,RI,10648,USA,2021-01-17,79.78
595,John,Warner,collinsmichelle@hotmail.com,(504)331-9274,30610 Penny Dam Apt. 689,West Yeseniabury,GU,60781,USA,2022-05-25,34.03
596,Gregory,Chase,edward72@gmail.com,567-593-2353,027 Rodriguez Avenue Suite 687,East Christopherhaven,NH,10464,USA,2021-01-03,88.03
597,Douglas,Aguilar,ybrady@yahoo.com,215-548-8051,USNV Stevenson,Lake Austin,AP,03718,USA,2022-06-27,70.12
598,Jacob,Wright,pjohnson@gmail.com,001-771-278-5681x7697,470 Lori Junctions,Lake Lori,MP,29857,USA,2023-11-19,27.63
599,Nancy,Faulkner,freemanjason@yahoo.com,707.865.0946x207,944 Paul Squares,Ashleystad,GU,20062,USA,2022-02-13,1.02
600,Lauren,Cardenas,ryansmith@hotmail.com,477.370.1497x268,170 Monica Dale,Sarahhaven,NC,03662,USA,2021-10-05,94.81
601,Matthew,Moss,peter91@hotmail.com,451.367.4867x3581,1356 Melissa Stream,West Brady,WY,88347,USA,2025-01-13,8.56
602,Jerry,Baird,bryanjames@yahoo.com,001-587-783-0568x28753,67191 Hayden Ports,Lake Charles,TX,05425,USA,2023-09-08,72.01
603,Carolyn,Taylor,bethmiller@hotmail.com,253.481.1575,39475 Leslie Orchard Suite 791,Jasonmouth,PW,16955,USA,2024-10-10,48.86
604,Denise,Johnson,kimriley@yahoo.com,3185188969,104 Michele Tunnel,North Samantha,MI,36992,USA,2022-03-11,75.82
605,Tricia,Morris,robert20@gmail.com,+1-254-970-0603x981,469 Douglas Gateway Suite 071,Reyeston,IN,36702,USA,2025-10-14,69.06
606,Colton,Anderson,joseph33@hotmail.com,3523492219,028 Hooper Ranch Apt. 565,Dunnshire,TN,49418,USA,2023-04-11,64.59
607,Susan,Nelson,lorijohnson@yahoo.com,367.759.1644,98446 Powell Road,Port Carol,FL,61233,USA,2022-06-30,49.08
608,Kristin,Johnson,nicolemcdowell@yahoo.com,001-929-439-8766x74087,1320 Lawrence Village Suite 238,Cruzport,GU,59245,USA,2021-07-04,79.29
609,Gina,Leon,brittneywashington@yahoo.com,001-378-768-0704x23573,852 Angela Cove,Wongburgh,OK,25499,USA,2025-10-16,9.31
610,Angela,Simmons,wgonzalez@yahoo.com,805.591.5419,13805 Jones Tunnel Suite 845,Matthewborough,MH,49100,USA,2023-11-19,22.16
611,Michele,Rangel,johntaylor@hotmail.com,(911)527-5963,32381 Zachary Mill Apt. 899,Harmonmouth,ME,88941,USA,2021-06-19,69.18
612,Sarah,Harris,amy51@hotmail.com,961-268-7873x214,"PSC 2182, Box 4140",Williamshaven,AP,11936,USA,2022-08-26,30.62
613,Mrs.,Beck,matthewcook@hotmail.com,001-787-387-7677,72239 Henderson Wall,Lake Alexandraside,NM,50016,USA,2022-09-20,58.16
614,Billy,Clarke,brewerkristy@hotmail.com,+1-553-562-0544,9640 Connie Underpass,New Daniel,NY,43945,USA,2025-10-30,47.33
615,Megan,Stewart,jennifer35@yahoo.com,689.922.1007x20409,USS Cole,Bryanthaven,AP,93327,USA,2021-06-12,53.09
616,Elizabeth,Garcia,kaylaturner@yahoo.com,232.546.6899x749,1101 Owens Bridge Apt. 325,Port Karen,TN,39004,USA,2021-05-09,42.55
617,Darren,Mcgrath,ssaunders@gmail.com,(567)340-5362x512,6518 Gabriel Land Apt. 700,Jamesberg,WV,60832,USA,2021-06-27,74.59
618,Mark,Wilson,pvaldez@hotmail.com,(718)245-5375x82682,425 Wilson Village,Josephberg,TN,81919,USA,2025-05-29,33.08
619,Lisa,Montoya,gmoran@gmail.com,4468400606,54425 Juan Squares Suite 777,Laurabury,OK,51687,USA,2023-05-26,70.29
620,Patrick,Ellis,wwilliams@yahoo.com,001-603-425-0394x39884,47079 Randy Dale,Jamesfurt,VT,63012,USA,2024-10-11,27.09
621,Tim,Simmons,scottrodriguez@gmail.com,728-263-8110,23936 Thomas Cove Suite 640,Elizabethville,VA,51545,USA,2022-01-09,25.14
622,Lindsey,Johnson,loricooley@yahoo.com,972.314.3486x9653,783 Carrillo Prairie,North Devintown,MI,16189,USA,2023-12-10,12.07
623,Brian,Johnson,zachary02@hotmail.com,001-518-594-5239x59602,082 Stephens Brook Apt. 907,Millerburgh,SD,82847,USA,2021-07-05,19.26
624,Terry,English,stephanienavarro@gmail.com,675.958.5095x91450,USS Wallace,Snyderstad,AP,72100,USA,2022-05-13,11.96
625,Lisa,Byrd,benjaminmcguire@gmail.com,+1-869-985-8574x91106,46217 Green Fields Suite 939,South Angelaside,NV,34109,USA,2022-02-25,53.59
626,Brandon,West,nelsonaaron@gmail.com,001-432-573-5712x56721,5187 Long Prairie,Port Brendan,MH,77766,USA,2020-11-28,76.22
627,Gloria,Keller,nicholsontheresa@hotmail.com,9072461433,98568 Jensen Springs,Solischester,GU,04120,USA,2021-04-20,18.51
628,Bobby,Dillon,hpatterson@gmail.com,(233)299-8215,1427 Khan Road Apt. 419,North Cynthia,VT,34348,USA,2024-10-15,21.64
629,Tracy,Stanley,mcclainrichard@hotmail.com,001-264-655-2175,7657 Cruz Wall Suite 760,Melissaberg,TN,97152,USA,2025-09-28,48.42
630,Kevin,Mason,rglover@gmail.com,711-784-0654,46639 John Union Apt. 430,East Lori,ID,74775,USA,2025-04-26,72.46
631,Casey,Roberts,debrabryant@gmail.com,+1-499-516-2469x476,6963 Lindsey Plains Suite 864,Mckeeville,MD,89959,USA,2024-03-19,97.66
632,Joseph,Cox,amberguerrero@gmail.com,(501)765-6633,"PSC 1519, Box 0456",Robertburgh,AE,40444,USA,2021-03-06,52.46
633,Monique,Reyes,lawrence98@yahoo.com,001-699-570-2440,24843 Williams Harbors,New Brian,WA,32843,USA,2021-08-07,28.3
634,Alexandria,Washington,varroyo@yahoo.com,202.815.0134x339,7126 Patterson Junction,New Joseph,WI,76142,USA,2022-03-17,10.05
635,Patrick,Compton,leslie14@gmail.com,244-232-9691x422,2206 George Cape,Nancyfurt,ID,52126,USA,2024-10-22,19.41
636,Stacy,Alexander,ilewis@yahoo.com,724.665.6841,775 Powell Plaza Suite 172,Lindaborough,IA,38419,USA,2024-05-12,22.75
637,Julie,Simpson,iancameron@hotmail.com,876.660.4142,09222 Davis Greens,South Danielle,SC,48770,USA,2022-09-08,17.94
638,Sarah,Williams,antonio49@yahoo.com,8786244666,6953 Samantha Mountain,Powelltown,LA,99004,USA,2025-08-25,1.41
639,Melinda,Smith,lindsaystrickland@yahoo.com,(866)410-5149x61806,3468 Thomas Centers,West Dana,WI,88577,USA,2025-02-20,53.41
640,Paul,Dominguez,uhowell@yahoo.com,+1-337-879-3980x1220,0883 Misty Plains Apt. 801,Richardsberg,KY,61962,USA,2022-09-12,27.43
641,Holly,Johnson,cwebb@gmail.com,001-624-948-3438x71515,17756 Alan Avenue,Meganborough,NH,49812,USA,2023-06-16,97.43
642,Brian,Bray,callahanamy@hotmail.com,001-852-976-2520x21311,32160 Nicholas Rapid,East Felicia,CA,72116,USA,2025-08-31,55.34
643,Christopher,Blevins,stephaniesmith@yahoo.com,+1-684-710-5075x508,2673 George Canyon Suite 175,West Latoyaland,LA,88805,USA,2022-04-05,69.74
644,John,Brown,scottgibson@hotmail.com,206-436-8019x905,290 Melanie Plaza,North Margaret,CT,12296,USA,2023-06-11,12.63
645,Amy,Craig,parkerkenneth@hotmail.com,001-867-267-7619x524,USS Ray,Lorimouth,AE,13581,USA,2021-09-08,86.85
646,Christian,Davis,andersonelijah@gmail.com,001-287-427-2993x357,47827 Sandoval Islands Apt. 209,Bowersstad,ND,35598,USA,2023-01-14,49.09
647,Lisa,Johnston,zstanley@gmail.com,834.501.4215,Unit 7353 Box 3406,Port Damonchester,AP,21215,USA,2023-01-15,87.27
648,Shane,Lewis,sarah11@gmail.com,(647)992-4642x99872,9574 Kathy Common Suite 246,New Daniel,MN,10278,USA,2022-08-09,57.41
649,Terry,Montgomery,melissacastillo@hotmail.com,(646)543-7862,"PSC 3057, Box 8245",North Jenniferland,AP,26265,USA,2021-04-09,46.94
650,Lynn,Smith,sharper@hotmail.com,001-202-872-8986x83212,1471 Perkins Cove,South Bradleyview,VA,25537,USA,2021-07-19,44.05
651,Luis,Phillips,fwalker@gmail.com,657-379-7983x67607,59528 Singh Station Suite 757,New Jerome,UT,80298,USA,2021-03-18,18.44
652,Larry,Blair,ymontgomery@yahoo.com,780-524-5940,54760 Murphy Common Apt. 101,Collinsport,TN,18428,USA,2023-08-09,5.14
653,George,Owen,robert90@gmail.com,+1-485-640-7008x41591,27929 Hart Trace Suite 523,East Brianbury,OK,81314,USA,2022-02-01,94.11
654,Francisco,Small,badkins@yahoo.com,(893)238-0419x171,63346 Casey Rapid,Lake Patrick,NV,19365,USA,2022-12-14,47.77
655,Nancy,MD,sarahwashington@hotmail.com,751.710.2693,7365 Bennett Knolls Suite 459,Lindaview,DE,80898,USA,2022-08-13,82.21
656,Kimberly,Dennis,ytaylor@yahoo.com,001-997-430-2940x695,151 Torres Parkways Suite 621,Donnamouth,IA,96807,USA,2023-10-20,40.07
657,Brooke,Yang,colleen19@yahoo.com,(778)255-4701x8977,446 Saunders Divide Apt. 900,Port Jo,GA,40236,USA,2021-12-06,7.41
658,Todd,Goodman,walkerkenneth@hotmail.com,+1-867-385-1506,164 Olson Ville,Port David,SD,23986,USA,2023-10-28,62.94
659,Brian,Nguyen,ewilson@gmail.com,+1-869-578-4879,22451 Nathaniel Rest Suite 192,Singletonport,MH,74885,USA,2021-08-04,5.36
660,Anthony,Martin,rodriguezpeter@gmail.com,(494)929-8410x4003,70855 Lisa Avenue Suite 223,Tracystad,NJ,27512,USA,2022-08-06,14.92
661,Bethany,Wang,qlevy@gmail.com,528.513.2659x8450,112 Steven Underpass,Perezport,NE,50955,USA,2025-01-17,56.28
662,Mary,Burke,perkinsmatthew@hotmail.com,838.682.0151x49777,780 Clarke Crossroad Suite 524,Port Jennifer,NY,47102,USA,2025-10-02,30.38
663,Molly,Russell,emilygarner@yahoo.com,001-359-436-0194,6613 Cooper Junctions Apt. 091,East Sophia,WA,58644,USA,2024-10-11,99.39
664,Ashley,Hampton,alexanderdurham@hotmail.com,(665)874-3967x705,3720 Deborah Fork Suite 483,New Cristinatown,AL,60794,USA,2024-09-12,11.85
665,Angela,King,robertokhan@gmail.com,+1-600-573-8854x67347,009 Black Inlet Apt. 146,North Anthonyshire,WI,96618,USA,2024-04-14,76.44
666,Makayla,Johnson,garciatammy@hotmail.com,888.476.7660,409 Martin Ports Suite 125,Port Kelsey,AZ,96012,USA,2025-04-27,60.63
667,Ryan,Shannon,cynthiasalas@yahoo.com,577-267-7192x88920,3820 Martinez Inlet Apt. 851,Hickston,CT,10682,USA,2022-03-12,79.07
668,Jeffrey,Johnson,nicholaspeterson@yahoo.com,+1-388-325-2699x01851,9674 Davis Summit Suite 537,Teresaport,NV,94764,USA,2023-07-18,22.57
669,David,Hall,katherineflores@yahoo.com,001-978-326-3880x3242,563 Melissa Tunnel Apt. 349,Chrismouth,NV,07526,USA,2024-01-29,52.26
670,Nicole,Price,clarkangela@hotmail.com,606.325.3941x85455,268 Ashley Ways Apt. 192,Lake Jeffrey,KY,12333,USA,2025-06-15,45.05
671,Stephanie,Barron,parkersean@hotmail.com,(443)747-6088x2309,8962 James Tunnel,Solomonmouth,HI,71266,USA,2025-07-01,44.27
672,Kyle,Curtis,robertsonlisa@hotmail.com,(663)266-2284x5541,163 Castaneda Station,North Jenniferville,AZ,30482,USA,2025-05-28,86.02
673,Thomas,Castaneda,phillipsbrittany@hotmail.com,6246238935,89162 Ramirez Burg Suite 678,North Russell,VI,29448,USA,2020-12-26,99.0
674,Barry,Buckley,porterchristopher@yahoo.com,(980)512-6962x5050,1298 Kelly Trace Apt. 202,Dillonmouth,AR,67218,USA,2022-01-09,30.54
675,Kyle,Hall,nkelly@hotmail.com,001-908-350-5048,858 James Burg,Riosberg,LA,73458,USA,2023-09-18,62.1
676,Bailey,Martinez,johnsonjennifer@yahoo.com,001-547-441-2081x80368,657 Timothy Tunnel Suite 966,Grayton,DC,29221,USA,2023-11-22,60.96
677,Meghan,Richards,simmonsrichard@hotmail.com,+1-453-995-2608x853,8135 Tony Grove,North Jason,NY,30652,USA,2022-11-18,74.01
678,Alvin,Miller,obautista@hotmail.com,(394)830-7218x87716,340 Harrison Locks,Burchmouth,LA,14854,USA,2023-08-05,94.76
679,Jason,Parker,melissachang@hotmail.com,7438763185,249 Claudia Lodge Apt. 841,Jamesbury,WI,44375,USA,2025-01-25,20.78
680,Barbara,Potter,mmack@yahoo.com,+1-597-936-6547x5878,88542 Bradshaw Summit,Port Nicholas,VT,64126,USA,2021-06-08,21.1
681,Erica,Dickson,nicholas00@yahoo.com,250.664.2729,6775 Timothy Alley,Garciachester,FM,59205,USA,2022-08-29,66.04
682,Michelle,Murray,matthewbrown@yahoo.com,240.897.3122,036 Peter Coves,South Renee,AZ,87417,USA,2024-02-18,15.71
683,Wayne,Mitchell,apierce@yahoo.com,(226)715-1070x557,057 Jacob Fork,Phillipsmouth,PR,73628,USA,2022-03-14,17.38
684,James,Vasquez,bryan17@hotmail.com,(721)534-6164x61526,93784 Robinson Village Apt. 734,Lake Carlfort,NC,85221,USA,2022-02-25,7.51
685,Megan,Green,john48@hotmail.com,689.290.5808x14033,"PSC 1268, Box 1793",New Melissamouth,AE,95898,USA,2023-10-05,0.27
686,Natalie,Neal,martinstephanie@yahoo.com,001-683-762-0749,USCGC Parsons,East Janicestad,AE,66786,USA,2021-07-03,45.05
687,Shannon,Hernandez,groberts@yahoo.com,(557)545-8618x058,95322 Andrew Drive Suite 876,Lake Michelle,MT,13442,USA,2023-07-11,59.38
688,Jackie,Schultz,dpatrick@yahoo.com,(828)401-7710,8312 Peterson Glens,Conleyton,MA,83702,USA,2025-08-31,29.13
689,Thomas,Anderson,beasleyrobert@yahoo.com,687-477-9533,201 Dorothy Circle Suite 083,South Andrew,PR,73614,USA,2021-12-31,23.15
690,Darrell,Gilbert,ryan03@hotmail.com,+1-547-470-6939x285,687 Thompson Tunnel,West Elizabeth,NH,43915,USA,2021-05-01,70.7
691,Taylor,MD,janetbrown@hotmail.com,399-277-9178x2200,35019 Murray Park Suite 962,Warestad,PW,76970,USA,2021-02-14,70.3
692,Cassandra,Montoya,beckalan@hotmail.com,(517)519-7251x234,724 Donna Orchard Suite 966,Port Bradley,RI,39483,USA,2023-08-27,45.4
693,Julie,Lowe,scottthomas@yahoo.com,412.743.5668x303,061 Timothy Greens,Thomasland,PA,65714,USA,2022-07-18,68.74
694,Ryan,Armstrong,ecurry@gmail.com,(863)600-6362x1051,936 Daniel Ports Suite 275,New Lucasmouth,IN,76535,USA,2021-05-07,92.39
695,Sergio,Hanna,beverly86@yahoo.com,8025933132,5489 Thomas Falls,Port Shelley,MD,38831,USA,2024-11-15,78.78
696,Christopher,Wright,kennedyelizabeth@yahoo.com,001-529-733-5287x89715,35528 Hawkins Skyway,Port Dylan,ID,01253,USA,2024-05-09,62.51
697,Christopher,Fox,karen58@gmail.com,(863)564-6533x34774,08867 Lara Green,Schmidtside,OR,28307,USA,2022-07-23,66.12
698,Scott,Moore,dariusroberts@yahoo.com,974-773-6653,60979 Martin Club Suite 597,Beverlyside,MS,02607,USA,2025-04-28,93.37
699,Jonathan,Larson,herbert74@yahoo.com,755.279.8322x9000,2123 Robertson Mills,New Katelynhaven,WY,81876,USA,2023-08-03,42.51
700,Brian,Hall,johnware@gmail.com,421.996.0878x75788,Unit 6533 Box 5359,New Randyburgh,AA,41627,USA,2022-06-27,54.46
701,Jeffery,Williams,parkskelly@yahoo.com,325.346.3059x41567,629 Gina Brook,Kellymouth,UT,19842,USA,2024-10-08,64.76
702,Kevin,Larsen,hannahdrake@yahoo.com,001-728-515-6838x70278,726 Monica Land Apt. 705,Westland,MT,79931,USA,2024-09-10,90.84
703,Veronica,Hardy,hendersonfernando@hotmail.com,902-458-9881x0855,67755 Cole Gardens Suite 410,West Tiffany,NJ,86869,USA,2022-08-31,82.66
704,Edgar,Ward,millsdavid@hotmail.com,001-822-670-6990,566 Jerry Haven Apt. 475,Austinside,MA,72852,USA,2023-06-27,7.14
705,Mariah,Stevenson,washingtonalexandria@gmail.com,314-909-6170x99873,244 Morales Gateway Apt. 004,Simpsonburgh,AK,36313,USA,2020-12-26,16.59
706,Tracy,Chung,danielcline@gmail.com,+1-631-957-1604x2614,9876 Kayla Estates Suite 794,Wilsonbury,OH,08355,USA,2021-08-12,30.76
707,Ryan,Baker,brooke76@gmail.com,764-740-2613x5342,3965 Larry Extensions,Donnaville,VT,64181,USA,2023-10-09,74.9
708,Craig,Roth,dixonjoshua@hotmail.com,(762)377-6746,71263 Kurt Square Apt. 937,South John,MT,62086,USA,2025-10-21,56.92
709,Joshua,Griffin,jerry67@hotmail.com,+1-851-480-1664x8023,31613 Timothy Ranch,East James,PW,27681,USA,2025-06-10,28.86
710,Shelby,Walker,ahampton@hotmail.com,+1-392-525-1826,650 Sanders Divide,Michellefort,AS,19316,USA,2023-09-27,12.44
711,Beth,Brown,robertdavis@yahoo.com,2874143903,USNS Wilson,South Valerie,AE,58503,USA,2021-02-02,68.87
712,Rachel,Ortega,prestonsheila@gmail.com,231-988-6459x4780,29725 Johnson Hill,Townsendstad,PR,39264,USA,2025-10-01,69.97
713,Debra,Patterson,cadkins@hotmail.com,(440)210-1460x19335,72113 Esparza Squares,Emilyshire,DE,99770,USA,2024-07-25,94.27
714,Rhonda,DDS,leslie40@yahoo.com,813-702-2867x106,81900 Gutierrez Mill Apt. 526,Allenburgh,CO,62346,USA,2024-06-20,50.05
715,Lauren,Rasmussen,stewartsteven@hotmail.com,254-867-3137x1741,8317 Logan Crescent,Jacquelinehaven,DE,21107,USA,2024-04-15,49.38
716,Tony,Pena,shannonpatel@gmail.com,(264)900-1915x426,USS Gibson,Theodorefurt,AE,32533,USA,2025-07-27,8.04
717,Angela,Fisher,natalie66@gmail.com,(803)789-5159x2346,"PSC 8223, Box 0642",South Samanthaview,AP,10106,USA,2022-02-12,3.99
718,Kathleen,Coleman,ujohnson@hotmail.com,+1-278-669-5760x1883,371 Darlene Highway,South Amyton,SC,14287,USA,2021-10-09,43.2
719,Walter,Fowler,wademeagan@yahoo.com,001-495-329-0550x9579,0937 Christopher Summit,Adamstown,OH,75513,USA,2025-05-19,32.23
720,Christian,Sanders,dixonamanda@hotmail.com,(756)877-2503,311 Susan View Apt. 795,East Stephanie,GU,21497,USA,2021-12-01,25.04
721,Joe,Wilson,xgreen@hotmail.com,001-457-423-8161,50592 Perez Ways Apt. 955,South Jason,MO,39217,USA,2021-08-04,9.13
722,Ashley,Beasley,jeremyjackson@gmail.com,292.513.1682x2608,570 Clark Village,Benjaminborough,MI,74144,USA,2024-08-30,96.19
723,Lori,Jones,qbrown@hotmail.com,718-208-2938,5407 Khan Bridge Apt. 535,West Andrea,NC,17562,USA,2022-01-10,83.6
724,Kevin,Tran,rjenkins@yahoo.com,479.217.0379x3061,31191 Terry Cove Suite 530,Ginabury,DE,25445,USA,2020-12-28,57.52
725,Jacob,MD,patrickherman@yahoo.com,+1-944-656-5781,72095 Dunn Shore,New Cassandrachester,AL,70901,USA,2023-05-16,95.08
726,Emily,Brown,baileycrystal@gmail.com,001-964-754-9768x348,144 Howard Path,Benjaminport,AL,05770,USA,2022-04-26,99.96
727,Douglas,Woodard,gregory50@hotmail.com,+1-603-823-1976x7025,043 Matthew Brooks Suite 174,Humphreyville,NJ,63965,USA,2021-09-18,67.23
728,Thomas,Ramirez,jacobkline@gmail.com,600-994-6584x6392,2447 Kimberly Mount,Teresashire,VT,35386,USA,2025-08-19,26.95
729,Karen,Sanchez,bparker@yahoo.com,256.675.9105x63967,91919 Patricia Estates Suite 425,Brucetown,VI,76440,USA,2023-03-25,4.02
730,John,Summers,nholder@yahoo.com,001-776-563-3542x050,USNV Peck,Matthewmouth,AP,35770,USA,2020-12-13,75.63
731,Timothy,Harrison,amber94@gmail.com,001-219-916-3695,9616 Walker Park,Rodriguezport,DC,36964,USA,2022-05-06,47.05
732,Gregory,Garcia,thomasstacey@yahoo.com,611.882.8791,249 Davis Alley Apt. 695,Santanaton,OK,39891,USA,2023-11-27,65.15
733,Bradley,Thomas,margaret83@hotmail.com,+1-817-993-1625x05532,88463 Ball Garden Suite 850,Wellsberg,VA,24003,USA,2022-02-08,91.61
734,Matthew,Torres,jessicahobbs@hotmail.com,+1-269-465-2415x731,86728 Castillo Parks,South Nicolasburgh,AR,39110,USA,2021-01-08,18.15
735,Billy,Huang,jason11@gmail.com,902.217.3733,6731 Thomas Square Apt. 174,Lynnfort,NV,47616,USA,2021-07-30,58.53
736,Sierra,Roberts,jacksondebra@gmail.com,001-559-660-2769,7118 Victoria Bypass,North Jasmine,MH,41897,USA,2025-01-27,63.48
737,Jason,Boone,rodgerserik@yahoo.com,+1-665-404-4414,816 Miguel Point Apt. 197,South Travis,AZ,73463,USA,2023-01-31,49.17
738,Katherine,Soto,phillipsmorgan@gmail.com,(639)376-6105,Unit 8170 Box 0681,Wardfort,AA,29332,USA,2024-10-09,9.12
739,Alyssa,Snyder,hkim@hotmail.com,791-943-0921x5272,"PSC 7066, Box 7219",New Kathleen,AP,21383,USA,2025-06-01,34.8
740,Tiffany,Marshall,davisemily@gmail.com,+1-363-870-3559x5915,83610 Eduardo Overpass,Lake Brandon,VI,85557,USA,2024-08-05,33.33
741,Jeffrey,Gutierrez,morgan50@hotmail.com,001-993-200-4603x560,97873 Pruitt Viaduct Apt. 410,Zacharybury,MD,71268,USA,2024-02-18,67.01
742,Samuel,Sanchez,melindacoleman@yahoo.com,208.942.7406x28285,Unit 0050 Box 1985,Timothyside,AA,43545,USA,2022-04-05,85.77
743,Clinton,Wood,wileycynthia@gmail.com,627.969.2689,1200 Green Canyon,Carpenterborough,CA,43914,USA,2022-10-16,32.98
744,Dale,Bradley,chelseaphillips@gmail.com,001-359-645-6815x0895,366 Kane Meadows,North Diane,MI,89366,USA,2024-02-11,69.37
745,Tanya,Rodriguez,markbishop@hotmail.com,557.989.6636x805,0043 Hickman Meadow,Williamsburgh,SD,20532,USA,2022-07-07,28.82
746,Patricia,Cherry,zfranco@yahoo.com,(400)766-8812x7904,USNS Wagner,Stephensshire,AP,09416,USA,2022-04-30,94.52
747,Jonathan,Johnson,jonathan87@hotmail.com,505-999-7430x8780,334 Mccullough Island Suite 726,South Jacquelinechester,TN,66607,USA,2025-04-29,81.36
748,Maria,Cook,rhendrix@yahoo.com,901-757-7466x219,31782 Perez Valley Apt. 597,South Abigailfurt,NC,40990,USA,2024-07-02,55.01
749,Eugene,Cooper,damon82@yahoo.com,+1-846-786-2966x1035,"PSC 3868, Box 8339",Taylorstad,AE,27094,USA,2025-02-04,45.48
750,Anthony,Sloan,cfields@hotmail.com,962-574-2052x258,091 Brandon Coves Suite 659,North Codyhaven,VA,33087,USA,2021-05-07,31.45
751,Craig,Rodriguez,lewisroberta@gmail.com,+1-750-753-4774x11602,64227 Odonnell Glens,Morganchester,SD,40688,USA,2022-07-03,32.33
752,Kyle,Mccullough,nicole28@hotmail.com,932.694.5786,01643 Renee Gateway,Kennethport,NH,92894,USA,2021-04-29,97.02
753,Dr.,DDS,kelly29@hotmail.com,705-657-9991,64212 Rodney Parkways,West Zachary,WI,07095,USA,2022-10-24,40.42
754,Gregory,Gray,cheryl43@yahoo.com,+1-789-237-7070,9073 Eric Estates Apt. 112,West Jonathanfort,CT,87009,USA,2024-08-23,51.46
755,Theresa,Griffith,scotttravis@yahoo.com,445.844.1983x85792,9877 Martin Run,Knightville,NE,26081,USA,2022-02-12,98.81
756,Regina,Bell,lisa56@gmail.com,(887)500-5125x380,6502 Leah Unions,Elizabethshire,NC,56095,USA,2021-09-05,65.77
757,Cindy,Crawford,frank43@hotmail.com,+1-796-924-3840x92771,5793 Lance Run,Kellermouth,AS,15579,USA,2022-10-23,54.26
758,Aaron,Wallace,robert19@yahoo.com,(266)757-3297x741,601 Brown Groves Apt. 401,Bensonmouth,MA,59955,USA,2020-11-21,41.32
759,Lucas,Sparks,morriskimberly@yahoo.com,+1-903-967-0590x411,8162 Bryan Ports,South Raymondfurt,NJ,15122,USA,2024-08-20,18.76
760,Brian,Johnston,christina12@gmail.com,+1-262-974-8230,87884 Chavez Port,Andersenfurt,NH,46142,USA,2021-06-02,36.18
761,Robert,Garza,staceygoodwin@yahoo.com,001-942-331-5963,USS Davidson,Connerton,AA,10951,USA,2022-10-05,75.64
762,Sandra,Brown,murphycassidy@gmail.com,944-916-6611,8911 Ryan Ville,Serranohaven,TX,07052,USA,2022-02-28,62.54
763,Aaron,Oneal,gonzalezmichael@hotmail.com,(851)599-0102,75989 Thompson Drive Suite 947,Michelleborough,RI,35953,USA,2022-09-03,76.0
764,Russell,Lucero,wilsonlawrence@yahoo.com,(352)532-4342,51398 Mcgrath Valley Apt. 237,North Steven,RI,65377,USA,2025-09-15,20.36
765,John,Johnston,christiecarter@yahoo.com,(258)322-6231x675,55872 Michelle Summit Suite 062,Smithton,VA,29020,USA,2021-08-02,54.92
766,Chad,Pugh,bsmith@hotmail.com,876.444.5125,981 Janet Shoal,Wattsstad,MS,43767,USA,2022-04-22,92.77
767,Traci,Douglas,zhudson@hotmail.com,001-803-663-0569x56250,1068 April Drive Apt. 162,Jacquelineville,NM,66934,USA,2021-06-28,43.81
768,Carol,Rice,tina84@yahoo.com,001-991-980-4384x309,2132 Trevino Station,Port Sherri,IL,73779,USA,2023-09-02,69.83
769,Richard,Thompson,danieljones@hotmail.com,365-227-2618,2327 Fox Plaza,South Jefferyview,RI,22358,USA,2025-10-03,12.14
770,Timothy,Smith,paul61@hotmail.com,001-753-333-5016x262,7272 Cynthia Haven,Fitzgeraldborough,OH,01444,USA,2021-03-03,97.31
771,Kenneth,Gray,brianhancock@hotmail.com,996-665-3390x36385,USNS Carter,Clarenceborough,AE,63121,USA,2022-07-29,60.89
772,Leah,Russo,adam03@hotmail.com,(909)917-5075x1926,8464 Brian Parkway Apt. 902,New Alexatown,MS,46121,USA,2023-11-18,23.93
773,Anna,Myers,alejandrobeasley@yahoo.com,742-771-9745x314,Unit 8710 Box 3653,Goodwinland,AA,64449,USA,2023-11-21,15.84
774,Tonya,Williams,newmandarren@hotmail.com,662.228.0954x175,23607 Rodriguez Circle Suite 022,East Jonathanland,PW,26997,USA,2021-09-07,55.08
775,William,Mendez,wpearson@yahoo.com,001-414-839-9925x7099,4646 Bennett Mountain,Sandraton,MH,06758,USA,2021-11-20,55.23
776,Haley,Rogers,alyssaharris@hotmail.com,+1-484-301-6776,Unit 0530 Box 6730,Port Brian,AP,88416,USA,2025-10-25,9.32
777,Erin,Kirk,darrenholt@hotmail.com,391.690.5665,7695 Weber Port Suite 263,South Katelyn,GA,35165,USA,2021-05-27,99.23
778,Alisha,West,ccurry@yahoo.com,662.307.3478x735,80131 Lee Club Apt. 571,North Joyport,MT,16797,USA,2023-04-03,91.29
779,Ricky,Butler,amy57@hotmail.com,001-824-246-2882x61734,Unit 1656 Box 0880,New Gabrielaton,AP,35182,USA,2025-07-03,46.14
780,Robert,Davenport,joshuarodriguez@gmail.com,392.558.8302,9273 Peters Court Apt. 372,New Charlesstad,UT,73691,USA,2024-04-01,11.75
781,Anthony,Allen,wrightchristopher@yahoo.com,481.546.9539x536,9398 Bullock Port,Port Ivan,WI,73397,USA,2022-05-08,83.21
782,Mackenzie,Olsen,allisonanna@gmail.com,727.376.0639,08362 Dunn Inlet,Parkfort,GU,59309,USA,2022-11-29,49.84
783,Scott,Williams,hklein@yahoo.com,(370)821-7829x5988,8361 Scott Inlet Apt. 396,West Marissa,MD,01070,USA,2021-10-15,71.66
784,Mrs.,Gallagher,ahardin@yahoo.com,865-575-5574,313 Cindy Bypass,Hunterton,MN,77578,USA,2022-02-17,50.89
785,Miss,Caldwell,tonyaalexander@yahoo.com,(546)506-8342x605,4569 Park Course,Murphymouth,VI,81739,USA,2025-05-01,27.34
786,Emily,Bush,ggreen@gmail.com,+1-421-734-5579x99007,379 Michelle Estate,Jasonland,UT,38671,USA,2024-04-12,83.47
787,Samuel,Hawkins,zobrien@hotmail.com,940-828-9443x88269,224 Mendoza Mountain,Port Davidport,MA,59686,USA,2025-09-23,98.02
788,David,Price,kristy47@yahoo.com,219-539-1460x37828,54452 Castro Circles Apt. 954,Rebeccamouth,OH,62793,USA,2023-07-17,24.37
789,Kyle,Norris,tholt@hotmail.com,001-886-638-1303x26249,77186 Richard Street,Wintersbury,MT,09676,USA,2021-02-05,55.13
790,Jacob,Bryan,peggyhardin@gmail.com,6192233152,920 Sanchez Lights,Montgomeryton,MO,69266,USA,2023-03-09,38.36
791,Mandy,Murphy,seth61@yahoo.com,(434)265-5461,506 Jones Forest,Lake Ricky,FM,32708,USA,2022-09-28,92.19
792,Jason,Leonard,margaret56@gmail.com,001-640-274-9185x0582,Unit 6078 Box 1384,Melaniebury,AP,60088,USA,2023-10-23,50.82
793,Jason,Bell,joseph28@gmail.com,2347329262,92319 Villa Causeway,New Anthony,AL,45362,USA,2023-12-19,87.93
794,Todd,Hardy,christopher88@hotmail.com,001-584-460-7456x25670,280 Olson Stream Apt. 978,Cervantesshire,CA,74013,USA,2024-09-03,86.4
795,Renee,Romero,tannertina@gmail.com,312-803-6729,8477 Christina Canyon Apt. 444,New Denisetown,OK,63911,USA,2023-01-07,27.62
796,Angela,Fowler,mckayrachel@gmail.com,(943)408-6042x8316,618 Gregory Isle,Chadfurt,AR,65026,USA,2022-09-03,79.0
797,Elizabeth,Copeland,browneugene@hotmail.com,001-903-336-7594,9801 Stephen Street Suite 647,Avilamouth,SC,49045,USA,2021-01-16,41.49
798,Teresa,Moreno,johnsonphilip@yahoo.com,(682)217-2633x080,3964 Stacy Fords Apt. 511,North James,GU,83686,USA,2025-06-03,93.42
799,Bob,Martin,oconnellmelissa@yahoo.com,906.586.8646x414,"PSC 3521, Box 5267",Wilsontown,AE,86150,USA,2023-11-05,50.77
800,Keith,Lee,terricurtis@hotmail.com,(830)347-7259,40950 Flynn Valleys,Chandlerbury,RI,80444,USA,2021-08-24,82.05
